frame_id,sample,decode_ms,inference_ms,end_to_end_ms,detected,confidence
qvga-ab-20260812-123419.mjpeg:000000,0,2.31822,451.299253,453.617473,False,
qvga-ab-20260812-123419.mjpeg:000001,1,2.79728,457.614488,460.411768,False,
qvga-ab-20260812-123419.mjpeg:000002,2,2.035825,294.993227,297.029052,False,
qvga-ab-20260812-123419.mjpeg:000003,3,2.089991,295.676453,297.766444,False,
qvga-ab-20260812-123419.mjpeg:000004,4,2.021815,288.866689,290.888504,False,
qvga-ab-20260812-123419.mjpeg:000005,5,2.004106,288.777055,290.781161,False,
qvga-ab-20260812-123419.mjpeg:000006,6,2.016085,288.045445,290.06153,False,
qvga-ab-20260812-123419.mjpeg:000007,7,2.078429,310.973216,313.051645,False,
qvga-ab-20260812-123419.mjpeg:000008,8,2.010148,289.116951,291.127099,False,
qvga-ab-20260812-123419.mjpeg:000009,9,2.006398,288.113676,290.120074,False,
qvga-ab-20260812-123419.mjpeg:000010,10,2.089784,294.919846,297.00963,False,
qvga-ab-20260812-123419.mjpeg:000011,11,2.007909,288.338883,290.346792,False,
qvga-ab-20260812-123419.mjpeg:000012,12,2.010564,288.056543,290.067107,False,
qvga-ab-20260812-123419.mjpeg:000013,13,2.085148,295.495472,297.58062,False,
qvga-ab-20260812-123419.mjpeg:000014,14,2.389313,288.940811,291.330124,False,
qvga-ab-20260812-123419.mjpeg:000015,15,2.095512,288.511126,290.606638,False,
qvga-ab-20260812-123419.mjpeg:000016,16,2.013481,288.49993,290.513411,False,
qvga-ab-20260812-123419.mjpeg:000017,17,2.003117,298.091245,300.094362,False,
qvga-ab-20260812-123419.mjpeg:000018,18,2.006971,288.50842,290.515391,False,
qvga-ab-20260812-123419.mjpeg:000019,19,2.002023,290.352008,292.354031,False,
qvga-ab-20260812-123419.mjpeg:000020,20,2.081866,292.054189,294.136055,False,
qvga-ab-20260812-123419.mjpeg:000021,21,2.003273,289.046336,291.049609,False,
qvga-ab-20260812-123419.mjpeg:000022,22,2.022596,288.535663,290.558259,False,
qvga-ab-20260812-123419.mjpeg:000023,23,2.00645,288.161343,290.167793,False,
qvga-ab-20260812-123419.mjpeg:000024,24,2.088169,297.771564,299.859733,False,
qvga-ab-20260812-123419.mjpeg:000025,25,2.076502,288.571132,290.647634,False,
qvga-ab-20260812-123419.mjpeg:000026,26,2.10244,288.348479,290.450919,False,
qvga-ab-20260812-123419.mjpeg:000027,27,2.094888,298.178232,300.27312,False,
qvga-ab-20260812-123419.mjpeg:000028,28,2.087439,288.213689,290.301128,False,
qvga-ab-20260812-123419.mjpeg:000029,29,2.071919,290.944982,293.016901,False,
qvga-ab-20260812-123419.mjpeg:000030,30,2.005982,288.00515,290.011132,False,
qvga-ab-20260812-123419.mjpeg:000031,31,2.078065,295.539755,297.61782,False,
qvga-ab-20260812-123419.mjpeg:000032,32,2.023377,287.407705,289.431082,False,
qvga-ab-20260812-123419.mjpeg:000033,33,2.072022,288.190517,290.262539,False,
qvga-ab-20260812-123419.mjpeg:000034,34,2.085617,296.840221,298.925838,False,
qvga-ab-20260812-123419.mjpeg:000035,35,2.068533,294.666689,296.735222,False,
qvga-ab-20260812-123419.mjpeg:000036,36,2.007232,288.883068,290.8903,False,
qvga-ab-20260812-123419.mjpeg:000037,37,2.068117,292.779147,294.847264,False,
qvga-ab-20260812-123419.mjpeg:000038,38,2.094783,288.379842,290.474625,False,
qvga-ab-20260812-123419.mjpeg:000039,39,2.072596,296.089916,298.162512,False,
qvga-ab-20260812-123419.mjpeg:000040,40,1.995148,287.522816,289.517964,False,
qvga-ab-20260812-123419.mjpeg:000041,41,2.059991,294.794246,296.854237,False,
qvga-ab-20260812-123419.mjpeg:000042,42,2.003429,288.002606,290.006035,False,
qvga-ab-20260812-123419.mjpeg:000043,43,1.996867,294.803102,296.799969,False,
qvga-ab-20260812-123419.mjpeg:000044,44,1.999576,296.294762,298.294338,False,
qvga-ab-20260812-123419.mjpeg:000045,45,1.986346,289.989632,291.975978,False,
qvga-ab-20260812-123419.mjpeg:000046,46,1.989106,289.318438,291.307544,False,
qvga-ab-20260812-123419.mjpeg:000047,47,1.994679,293.198944,295.193623,False,
qvga-ab-20260812-123419.mjpeg:000048,48,2.202178,302.407866,304.610044,False,
qvga-ab-20260812-123419.mjpeg:000049,49,2.067596,289.781094,291.84869,False,
qvga-ab-20260812-123419.mjpeg:000050,50,2.065825,287.867874,289.933699,False,
qvga-ab-20260812-123419.mjpeg:000051,51,2.101867,294.681597,296.783464,False,
qvga-ab-20260812-123419.mjpeg:000052,52,2.076502,287.651209,289.727711,False,
qvga-ab-20260812-123419.mjpeg:000053,53,2.072752,287.345483,289.418235,False,
qvga-ab-20260812-123419.mjpeg:000054,54,2.005149,292.221661,294.22681,False,
qvga-ab-20260812-123419.mjpeg:000055,55,2.00869,287.567878,289.576568,False,
qvga-ab-20260812-123419.mjpeg:000056,56,2.068221,289.142404,291.210625,False,
qvga-ab-20260812-123419.mjpeg:000057,57,2.079419,288.320169,290.399588,False,
qvga-ab-20260812-123419.mjpeg:000058,58,1.99994,298.286172,300.286112,False,
qvga-ab-20260812-123419.mjpeg:000059,59,2.09244,288.463137,290.555577,False,
qvga-ab-20260812-123419.mjpeg:000060,60,2.02921,296.306286,298.335496,False,
qvga-ab-20260812-123419.mjpeg:000061,61,1.991815,295.457174,297.448989,False,
qvga-ab-20260812-123419.mjpeg:000062,62,2.076033,287.925902,290.001935,False,
qvga-ab-20260812-123419.mjpeg:000063,63,2.061763,287.999184,290.060947,False,
qvga-ab-20260812-123419.mjpeg:000064,64,2.014992,287.807519,289.822511,False,
qvga-ab-20260812-123419.mjpeg:000065,65,2.136658,293.32281,295.459468,False,
qvga-ab-20260812-123419.mjpeg:000066,66,2.080409,287.692312,289.772721,False,
qvga-ab-20260812-123419.mjpeg:000067,67,2.105148,287.615075,289.720223,False,
qvga-ab-20260812-123419.mjpeg:000068,68,2.006399,299.554142,301.560541,False,
qvga-ab-20260812-123419.mjpeg:000069,69,2.076085,289.232256,291.308341,False,
qvga-ab-20260812-123419.mjpeg:000070,70,2.082232,291.910633,293.992865,False,
qvga-ab-20260812-123419.mjpeg:000071,71,2.007909,288.91179,290.919699,False,
qvga-ab-20260812-123419.mjpeg:000072,72,2.002804,288.640698,290.643502,False,
qvga-ab-20260812-123419.mjpeg:000073,73,2.004419,290.922983,292.927402,False,
qvga-ab-20260812-123419.mjpeg:000074,74,2.082388,289.026741,291.109129,False,
qvga-ab-20260812-123419.mjpeg:000075,75,2.088899,294.275314,296.364213,False,
qvga-ab-20260812-123419.mjpeg:000076,76,2.103273,291.618866,293.722139,False,
qvga-ab-20260812-123419.mjpeg:000077,77,2.086763,287.936695,290.023458,False,
qvga-ab-20260812-123419.mjpeg:000078,78,2.016659,294.623753,296.640412,False,
qvga-ab-20260812-123419.mjpeg:000079,79,2.081763,288.68914,290.770903,False,
qvga-ab-20260812-123419.mjpeg:000080,80,2.014054,289.161745,291.175799,False,
qvga-ab-20260812-123419.mjpeg:000081,81,1.996607,288.959298,290.955905,False,
qvga-ab-20260812-123419.mjpeg:000082,82,2.0127,303.31268,305.32538,False,
qvga-ab-20260812-123419.mjpeg:000083,83,2.081815,287.416596,289.498411,False,
qvga-ab-20260812-123419.mjpeg:000084,84,2.005357,288.039721,290.045078,False,
qvga-ab-20260812-123419.mjpeg:000085,85,2.005357,297.735933,299.74129,False,
qvga-ab-20260812-123419.mjpeg:000086,86,2.021086,288.73977,290.760856,False,
qvga-ab-20260812-123419.mjpeg:000087,87,2.004054,289.51378,291.517834,False,
qvga-ab-20260812-123419.mjpeg:000088,88,2.007023,292.116895,294.123918,False,
qvga-ab-20260812-123419.mjpeg:000089,89,2.007076,288.0554,290.062476,False,
qvga-ab-20260812-123419.mjpeg:000090,90,2.091086,292.28601,294.377096,False,
qvga-ab-20260812-123419.mjpeg:000091,91,2.067648,288.427484,290.495132,False,
qvga-ab-20260812-123419.mjpeg:000092,92,2.012701,301.946755,303.959456,False,
qvga-ab-20260812-123419.mjpeg:000093,93,2.068377,287.600249,289.668626,False,
qvga-ab-20260812-123419.mjpeg:000094,94,2.010825,288.763996,290.774821,False,
qvga-ab-20260812-123419.mjpeg:000095,95,2.012284,294.58913,296.601414,False,
qvga-ab-20260812-123419.mjpeg:000096,96,2.008638,289.359775,291.368413,False,
qvga-ab-20260812-123419.mjpeg:000097,97,2.011242,289.327121,291.338363,False,
qvga-ab-20260812-123419.mjpeg:000098,98,2.011816,288.516186,290.528002,False,
qvga-ab-20260812-123419.mjpeg:000099,99,2.016086,288.472437,290.488523,False,
qvga-ab-20260812-123419.mjpeg:000100,100,2.058898,287.925096,289.983994,False,
qvga-ab-20260812-123419.mjpeg:000101,101,2.171137,287.637599,289.808736,False,
qvga-ab-20260812-123419.mjpeg:000102,102,2.016086,295.278976,297.295062,False,
qvga-ab-20260812-123419.mjpeg:000103,103,2.019523,289.452853,291.472376,True,0.852719
qvga-ab-20260812-123419.mjpeg:000104,104,2.01968,289.093898,291.113578,False,
qvga-ab-20260812-123419.mjpeg:000105,105,2.030617,291.74868,293.779297,True,0.943234
qvga-ab-20260812-123419.mjpeg:000106,106,2.093795,289.56051,291.654305,True,0.747461
qvga-ab-20260812-123419.mjpeg:000107,107,2.1277,287.709373,289.837073,True,0.800506
qvga-ab-20260812-123419.mjpeg:000108,108,2.01619,290.037542,292.053732,False,
qvga-ab-20260812-123419.mjpeg:000109,109,2.085357,300.554794,302.640151,False,
qvga-ab-20260812-123419.mjpeg:000110,110,2.093898,288.544267,290.638165,False,
qvga-ab-20260812-123419.mjpeg:000111,111,2.018898,292.633577,294.652475,False,
qvga-ab-20260812-123419.mjpeg:000112,112,2.025773,300.751671,302.777444,False,
qvga-ab-20260812-123419.mjpeg:000113,113,2.009836,288.20125,290.211086,False,
qvga-ab-20260812-123419.mjpeg:000114,114,2.086555,287.603702,289.690257,False,
qvga-ab-20260812-123419.mjpeg:000115,115,2.084888,288.56724,290.652128,False,
qvga-ab-20260812-123419.mjpeg:000116,116,2.014471,294.535656,296.550127,False,
qvga-ab-20260812-123419.mjpeg:000117,117,2.091607,288.322867,290.414474,False,
qvga-ab-20260812-123419.mjpeg:000118,118,2.072648,288.49792,290.570568,False,
qvga-ab-20260812-123419.mjpeg:000119,119,2.019367,299.663191,301.682558,False,
qvga-ab-20260812-123419.mjpeg:000120,120,2.086919,288.648023,290.734942,False,
qvga-ab-20260812-123419.mjpeg:000121,121,2.092544,290.586404,292.678948,False,
qvga-ab-20260812-123419.mjpeg:000122,122,2.014263,293.573372,295.587635,True,0.709796
qvga-ab-20260812-123419.mjpeg:000123,123,2.01567,289.297971,291.313641,True,0.708372
qvga-ab-20260812-123419.mjpeg:000124,124,2.003846,287.582302,289.586148,True,0.80156
qvga-ab-20260812-123419.mjpeg:000125,125,2.085877,289.115579,291.201456,True,0.840381
qvga-ab-20260812-123419.mjpeg:000126,126,2.06744,295.758679,297.826119,False,
qvga-ab-20260812-123419.mjpeg:000127,127,2.076607,287.927459,290.004066,False,
qvga-ab-20260812-123419.mjpeg:000128,128,1.998638,290.313181,292.311819,False,
qvga-ab-20260812-123419.mjpeg:000129,129,2.062753,300.12705,302.189803,False,
qvga-ab-20260812-123419.mjpeg:000130,130,1.991711,288.348084,290.339795,False,
qvga-ab-20260812-123419.mjpeg:000131,131,2.000045,295.392121,297.392166,False,
qvga-ab-20260812-123419.mjpeg:000132,132,2.067284,289.336416,291.4037,False,
qvga-ab-20260812-123419.mjpeg:000133,133,2.069055,291.535106,293.604161,False,
qvga-ab-20260812-123419.mjpeg:000134,134,1.990878,287.890224,289.881102,False,
qvga-ab-20260812-123419.mjpeg:000135,135,2.067493,289.361522,291.429015,False,
qvga-ab-20260812-123419.mjpeg:000136,136,2.137283,297.302482,299.439765,False,
qvga-ab-20260812-123419.mjpeg:000137,137,2.064107,288.351214,290.415321,False,
qvga-ab-20260812-123419.mjpeg:000138,138,2.063794,296.313009,298.376803,False,
qvga-ab-20260812-123419.mjpeg:000139,139,2.067544,293.568436,295.63598,False,
qvga-ab-20260812-123419.mjpeg:000140,140,2.064628,288.960276,291.024904,False,
qvga-ab-20260812-123419.mjpeg:000141,141,2.067024,287.887261,289.954285,False,
qvga-ab-20260812-123419.mjpeg:000142,142,1.99119,287.832939,289.824129,False,
qvga-ab-20260812-123419.mjpeg:000143,143,2.075461,295.014891,297.090352,False,
qvga-ab-20260812-123419.mjpeg:000144,144,1.983951,287.291535,289.275486,False,
qvga-ab-20260812-123419.mjpeg:000145,145,2.097388,288.819083,290.916471,False,
qvga-ab-20260812-123419.mjpeg:000146,146,2.054524,294.16823,296.222754,False,
qvga-ab-20260812-123419.mjpeg:000147,147,1.996295,292.134436,294.130731,False,
qvga-ab-20260812-123419.mjpeg:000148,148,2.057961,294.270783,296.328744,False,
qvga-ab-20260812-123419.mjpeg:000149,149,1.990201,288.038985,290.029186,False,
qvga-ab-20260812-123419.mjpeg:000150,150,2.050721,306.838967,308.889688,False,
qvga-ab-20260812-123419.mjpeg:000151,151,1.984888,288.353568,290.338456,False,
qvga-ab-20260812-123419.mjpeg:000152,152,2.048638,287.82253,289.871168,False,
qvga-ab-20260812-123419.mjpeg:000153,153,2.060096,294.285006,296.345102,False,
qvga-ab-20260812-123419.mjpeg:000154,154,2.054784,287.438156,289.49294,False,
qvga-ab-20260812-123419.mjpeg:000155,155,1.981607,288.501644,290.483251,False,
qvga-ab-20260812-123419.mjpeg:000156,156,1.97541,292.776107,294.751517,False,
qvga-ab-20260812-123419.mjpeg:000157,157,1.986295,288.632737,290.619032,False,
qvga-ab-20260812-123419.mjpeg:000158,158,2.045148,288.198782,290.24393,False,
qvga-ab-20260812-123419.mjpeg:000159,159,2.050096,291.899238,293.949334,False,
qvga-ab-20260812-123419.mjpeg:000160,160,1.980983,295.163861,297.144844,False,
qvga-ab-20260812-123419.mjpeg:000161,161,2.06744,287.839982,289.907422,False,
qvga-ab-20260812-123419.mjpeg:000162,162,2.043378,287.742484,289.785862,False,
qvga-ab-20260812-123419.mjpeg:000163,163,1.983534,294.488762,296.472296,False,
qvga-ab-20260812-123419.mjpeg:000164,164,1.981191,288.853261,290.834452,False,
qvga-ab-20260812-123419.mjpeg:000165,165,1.982909,288.077485,290.060394,False,
qvga-ab-20260812-123419.mjpeg:000166,166,1.980045,289.346127,291.326172,False,
qvga-ab-20260812-123419.mjpeg:000167,167,1.985409,297.598285,299.583694,False,
qvga-ab-20260812-123419.mjpeg:000168,168,1.976556,288.929046,290.905602,False,
qvga-ab-20260812-123419.mjpeg:000169,169,1.979003,288.072697,290.0517,False,
qvga-ab-20260812-123419.mjpeg:000170,170,2.056868,304.991801,307.048669,False,
qvga-ab-20260812-123419.mjpeg:000171,171,2.051815,288.725142,290.776957,False,
qvga-ab-20260812-123419.mjpeg:000172,172,2.054315,289.105247,291.159562,False,
qvga-ab-20260812-123419.mjpeg:000173,173,2.052805,293.147316,295.200121,False,
qvga-ab-20260812-123419.mjpeg:000174,174,2.044107,294.127469,296.171576,False,
qvga-ab-20260812-123419.mjpeg:000175,175,2.054315,287.743014,289.797329,False,
qvga-ab-20260812-123419.mjpeg:000176,176,2.040774,292.47758,294.518354,False,
qvga-ab-20260812-123419.mjpeg:000177,177,1.985878,296.716055,298.701933,False,
qvga-ab-20260812-123419.mjpeg:000178,178,1.972441,288.156191,290.128632,False,
qvga-ab-20260812-123419.mjpeg:000179,179,2.051138,291.579254,293.630392,False,
qvga-ab-20260812-123419.mjpeg:000180,180,2.039212,303.727907,305.767119,False,
qvga-ab-20260812-123419.mjpeg:000181,181,1.993274,288.251817,290.245091,False,
qvga-ab-20260812-123419.mjpeg:000182,182,2.04593,291.986909,294.032839,False,
qvga-ab-20260812-123419.mjpeg:000183,183,2.054003,292.198003,294.252006,False,
qvga-ab-20260812-123419.mjpeg:000184,184,1.980982,287.978279,289.959261,False,
qvga-ab-20260812-123419.mjpeg:000185,185,1.978378,288.337758,290.316136,False,
qvga-ab-20260812-123419.mjpeg:000186,186,2.036659,288.169061,290.20572,False,
qvga-ab-20260812-123419.mjpeg:000187,187,2.041503,295.205755,297.247258,False,
qvga-ab-20260812-123419.mjpeg:000188,188,1.959733,288.248384,290.208117,False,
qvga-ab-20260812-123419.mjpeg:000189,189,2.037128,290.731815,292.768943,False,
qvga-ab-20260812-123419.mjpeg:000190,190,1.958066,292.233893,294.191959,False,
qvga-ab-20260812-123419.mjpeg:000191,191,2.036295,300.890372,302.926667,False,
qvga-ab-20260812-123419.mjpeg:000192,192,2.065722,288.187346,290.253068,False,
qvga-ab-20260812-123419.mjpeg:000193,193,2.054263,287.676724,289.730987,False,
qvga-ab-20260812-123419.mjpeg:000194,194,1.969472,294.419148,296.38862,False,
qvga-ab-20260812-123419.mjpeg:000195,195,2.04567,287.734537,289.780207,False,
qvga-ab-20260812-123419.mjpeg:000196,196,1.975514,288.453234,290.428748,False,
qvga-ab-20260812-123419.mjpeg:000197,197,2.050253,294.137172,296.187425,False,
qvga-ab-20260812-123419.mjpeg:000198,198,1.980254,290.986819,292.967073,False,
qvga-ab-20260812-123419.mjpeg:000199,199,2.062284,293.194157,295.256441,False,
qvga-ab-20260812-123419.mjpeg:000200,200,2.051815,290.680364,292.732179,False,
qvga-ab-20260812-123419.mjpeg:000201,201,2.096138,294.534465,296.630603,False,
qvga-ab-20260812-123419.mjpeg:000202,202,1.977545,288.957663,290.935208,False,
qvga-ab-20260812-123419.mjpeg:000203,203,1.978743,289.108914,291.087657,False,
qvga-ab-20260812-123419.mjpeg:000204,204,1.966087,293.801553,295.76764,False,
qvga-ab-20260812-123419.mjpeg:000205,205,1.973378,287.528086,289.501464,False,
qvga-ab-20260812-123419.mjpeg:000206,206,2.035774,291.455626,293.4914,False,
qvga-ab-20260812-123419.mjpeg:000207,207,2.041763,292.495727,294.53749,False,
qvga-ab-20260812-123419.mjpeg:000208,208,1.969837,291.166512,293.136349,False,
qvga-ab-20260812-123419.mjpeg:000209,209,2.05593,289.018084,291.074014,False,
qvga-ab-20260812-123419.mjpeg:000210,210,2.054837,287.83736,289.892197,False,
qvga-ab-20260812-123419.mjpeg:000211,211,1.975305,304.018032,305.993337,False,
qvga-ab-20260812-123419.mjpeg:000212,212,1.974055,288.840326,290.814381,False,
qvga-ab-20260812-123419.mjpeg:000213,213,1.989941,288.384131,290.374072,False,
qvga-ab-20260812-123419.mjpeg:000214,214,2.062805,295.614835,297.67764,False,
qvga-ab-20260812-123419.mjpeg:000215,215,1.973326,287.977987,289.951313,False,
qvga-ab-20260812-123419.mjpeg:000216,216,1.981712,287.595437,289.577149,False,
qvga-ab-20260812-123419.mjpeg:000217,217,2.042076,288.667831,290.709907,False,
qvga-ab-20260812-123419.mjpeg:000218,218,2.059263,290.175273,292.234536,False,
qvga-ab-20260812-123419.mjpeg:000219,219,2.075045,288.523352,290.598397,False,
qvga-ab-20260812-123419.mjpeg:000220,220,2.063014,288.046012,290.109026,False,
qvga-ab-20260812-123419.mjpeg:000221,221,1.983586,298.41785,300.401436,False,
qvga-ab-20260812-123419.mjpeg:000222,222,2.051815,288.207626,290.259441,False,
qvga-ab-20260812-123419.mjpeg:000223,223,1.968951,293.455006,295.423957,False,
qvga-ab-20260812-123419.mjpeg:000224,224,1.971086,295.159792,297.130878,False,
qvga-ab-20260812-123419.mjpeg:000225,225,2.04416,292.351311,294.395471,False,
qvga-ab-20260812-123419.mjpeg:000226,226,2.044108,287.688829,289.732937,False,
qvga-ab-20260812-123419.mjpeg:000227,227,1.968639,289.285023,291.253662,False,
qvga-ab-20260812-123419.mjpeg:000228,228,1.971452,296.842964,298.814416,False,
qvga-ab-20260812-123419.mjpeg:000229,229,1.982597,291.127412,293.110009,False,
qvga-ab-20260812-123419.mjpeg:000230,230,2.063639,288.906067,290.969706,False,
qvga-ab-20260812-123419.mjpeg:000231,231,2.054836,298.240358,300.295194,False,
qvga-ab-20260812-123419.mjpeg:000232,232,2.071763,289.275546,291.347309,False,
qvga-ab-20260812-123419.mjpeg:000233,233,2.060461,287.986333,290.046794,False,
qvga-ab-20260812-123419.mjpeg:000234,234,2.056659,295.698442,297.755101,False,
qvga-ab-20260812-123419.mjpeg:000235,235,2.13218,291.528664,293.660844,False,
qvga-ab-20260812-123419.mjpeg:000236,236,2.065045,287.61644,289.681485,False,
qvga-ab-20260812-123419.mjpeg:000237,237,2.067493,288.159981,290.227474,False,
qvga-ab-20260812-123419.mjpeg:000238,238,1.986035,293.941263,295.927298,False,
qvga-ab-20260812-123419.mjpeg:000239,239,1.985827,292.202362,294.188189,False,
qvga-ab-20260812-123419.mjpeg:000240,240,1.993014,294.352722,296.345736,False,
qvga-ab-20260812-123419.mjpeg:000241,241,1.998378,291.046484,293.044862,False,
qvga-ab-20260812-123419.mjpeg:000242,242,2.065514,289.234823,291.300337,False,
qvga-ab-20260812-123419.mjpeg:000243,243,2.067024,288.463889,290.530913,False,
qvga-ab-20260812-123419.mjpeg:000244,244,2.078483,288.219985,290.298468,False,
qvga-ab-20260812-123419.mjpeg:000245,245,2.062806,294.035433,296.098239,False,
qvga-ab-20260812-123419.mjpeg:000246,246,2.077962,288.713265,290.791227,False,
qvga-ab-20260812-123419.mjpeg:000247,247,2.090983,294.669235,296.760218,False,
qvga-ab-20260812-123419.mjpeg:000248,248,2.063222,293.853197,295.916419,False,
qvga-ab-20260812-123419.mjpeg:000249,249,2.008743,288.302487,290.31123,False,
qvga-ab-20260812-123419.mjpeg:000250,250,2.097701,293.781688,295.879389,False,
qvga-ab-20260812-123419.mjpeg:000251,251,2.00942,290.463992,292.473412,False,
qvga-ab-20260812-123419.mjpeg:000252,252,2.009263,299.564221,301.573484,False,
qvga-ab-20260812-123419.mjpeg:000253,253,2.019732,293.24539,295.265122,False,
qvga-ab-20260812-123419.mjpeg:000254,254,2.008848,288.854729,290.863577,False,
qvga-ab-20260812-123419.mjpeg:000255,255,2.076087,294.765021,296.841108,False,
qvga-ab-20260812-123419.mjpeg:000256,256,2.013274,287.67864,289.691914,False,
qvga-ab-20260812-123419.mjpeg:000257,257,2.082128,288.585774,290.667902,False,
qvga-ab-20260812-123419.mjpeg:000258,258,2.105721,288.834732,290.940453,False,
qvga-ab-20260812-123419.mjpeg:000259,259,2.129628,289.079106,291.208734,False,
qvga-ab-20260812-123419.mjpeg:000260,260,2.088326,288.088016,290.176342,False,
qvga-ab-20260812-123419.mjpeg:000261,261,2.012962,288.588588,290.60155,False,
qvga-ab-20260812-123419.mjpeg:000262,262,2.00666,295.010337,297.016997,False,
qvga-ab-20260812-123419.mjpeg:000263,263,2.089108,293.692061,295.781169,False,
qvga-ab-20260812-123419.mjpeg:000264,264,2.097076,293.988104,296.08518,False,
qvga-ab-20260812-123419.mjpeg:000265,265,2.024784,294.441852,296.466636,False,
qvga-ab-20260812-123419.mjpeg:000266,266,2.010201,288.838538,290.848739,False,
qvga-ab-20260812-123419.mjpeg:000267,267,2.009784,288.234896,290.24468,False,
qvga-ab-20260812-123419.mjpeg:000268,268,2.007389,290.237806,292.245195,False,
qvga-ab-20260812-123419.mjpeg:000269,269,1.996399,290.046973,292.043372,False,
qvga-ab-20260812-123419.mjpeg:000270,270,2.067181,287.990366,290.057547,False,
qvga-ab-20260812-123419.mjpeg:000271,271,1.995723,292.525821,294.521544,False,
qvga-ab-20260812-123419.mjpeg:000272,272,1.995514,305.808484,307.803998,False,
qvga-ab-20260812-123419.mjpeg:000273,273,1.99192,288.776355,290.768275,False,
qvga-ab-20260812-123419.mjpeg:000274,274,1.992649,291.571452,293.564101,False,
qvga-ab-20260812-123419.mjpeg:000275,275,2.065826,296.751955,298.817781,False,
qvga-ab-20260812-123419.mjpeg:000276,276,2.076191,291.663535,293.739726,False,
qvga-ab-20260812-123419.mjpeg:000277,277,1.974681,287.555321,289.530002,False,
qvga-ab-20260812-123419.mjpeg:000278,278,2.042806,288.27558,290.318386,False,
qvga-ab-20260812-123419.mjpeg:000279,279,2.168899,294.699516,296.868415,False,
qvga-ab-20260812-123419.mjpeg:000280,280,2.040983,294.743944,296.784927,False,
qvga-ab-20260812-123419.mjpeg:000281,281,1.971608,288.579748,290.551356,False,
qvga-ab-20260812-123419.mjpeg:000282,282,1.970775,293.453481,295.424256,False,
qvga-ab-20260812-123419.mjpeg:000283,283,1.970514,293.265305,295.235819,False,
qvga-ab-20260812-123419.mjpeg:000284,284,2.001921,288.470374,290.472295,False,
qvga-ab-20260812-123419.mjpeg:000285,285,1.980254,288.866676,290.84693,False,
qvga-ab-20260812-123419.mjpeg:000286,286,2.049681,290.51193,292.561611,False,
qvga-ab-20260812-123419.mjpeg:000287,287,1.980306,287.588608,289.568914,False,
qvga-ab-20260812-123419.mjpeg:000288,288,2.04942,293.509943,295.559363,False,
qvga-ab-20260812-123419.mjpeg:000289,289,2.044993,293.860515,295.905508,False,
qvga-ab-20260812-123419.mjpeg:000290,290,1.98015,289.189177,291.169327,False,
qvga-ab-20260812-123419.mjpeg:000291,291,1.980202,288.110901,290.091103,False,
qvga-ab-20260812-123419.mjpeg:000292,292,2.060306,288.544442,290.604748,False,
qvga-ab-20260812-123419.mjpeg:000293,293,2.054629,289.615219,291.669848,False,
qvga-ab-20260812-123419.mjpeg:000294,294,2.049628,289.07241,291.122038,False,
qvga-ab-20260812-123419.mjpeg:000295,295,2.050983,288.629965,290.680948,False,
qvga-ab-20260812-123419.mjpeg:000296,296,2.055305,295.719993,297.775298,False,
qvga-ab-20260812-123419.mjpeg:000297,297,1.985253,287.636479,289.621732,False,
qvga-ab-20260812-123419.mjpeg:000298,298,2.062077,288.730174,290.792251,False,
qvga-ab-20260812-123419.mjpeg:000299,299,2.054732,293.010629,295.065361,False,
qvga-ab-20260812-123419.mjpeg:000300,300,2.049473,288.712153,290.761626,False,
qvga-ab-20260812-123419.mjpeg:000301,301,2.058327,289.404132,291.462459,False,
qvga-ab-20260812-123419.mjpeg:000302,302,2.050254,298.378894,300.429148,False,
qvga-ab-20260812-123419.mjpeg:000303,303,2.053326,295.686977,297.740303,False,
qvga-ab-20260812-123419.mjpeg:000304,304,2.044889,288.345647,290.390536,False,
qvga-ab-20260812-123419.mjpeg:000305,305,1.978639,290.585589,292.564228,False,
qvga-ab-20260812-123419.mjpeg:000306,306,2.048952,294.30042,296.349372,False,
qvga-ab-20260812-123419.mjpeg:000307,307,2.065357,288.612732,290.678089,False,
qvga-ab-20260812-123419.mjpeg:000308,308,2.059316,288.303828,290.363144,False,
qvga-ab-20260812-123419.mjpeg:000309,309,2.046399,291.706786,293.753185,False,
qvga-ab-20260812-123419.mjpeg:000310,310,1.992337,292.390481,294.382818,False,
qvga-ab-20260812-123419.mjpeg:000311,311,2.049264,288.139507,290.188771,False,
qvga-ab-20260812-123419.mjpeg:000312,312,2.074264,290.601167,292.675431,False,
qvga-ab-20260812-123419.mjpeg:000313,313,1.977546,297.554997,299.532543,False,
qvga-ab-20260812-123419.mjpeg:000314,314,1.984577,288.865339,290.849916,False,
qvga-ab-20260812-123419.mjpeg:000315,315,1.988587,288.032792,290.021379,False,
qvga-ab-20260812-123419.mjpeg:000316,316,2.064525,302.16738,304.231905,False,
qvga-ab-20260812-123419.mjpeg:000317,317,1.98765,289.005653,290.993303,False,
qvga-ab-20260812-123419.mjpeg:000318,318,2.072701,287.763003,289.835704,False,
qvga-ab-20260812-123419.mjpeg:000319,319,2.060671,288.305657,290.366328,False,
qvga-ab-20260812-123419.mjpeg:000320,320,1.986555,289.727424,291.713979,False,
qvga-ab-20260812-123419.mjpeg:000321,321,2.077702,288.62524,290.702942,False,
qvga-ab-20260812-123419.mjpeg:000322,322,1.989369,288.224358,290.213727,False,
qvga-ab-20260812-123419.mjpeg:000323,323,1.984524,297.132766,299.11729,False,
qvga-ab-20260812-123419.mjpeg:000324,324,1.981452,288.986387,290.967839,False,
qvga-ab-20260812-123419.mjpeg:000325,325,1.989108,291.675859,293.664967,False,
qvga-ab-20260812-123419.mjpeg:000326,326,2.063847,293.471062,295.534909,False,
qvga-ab-20260812-123419.mjpeg:000327,327,2.067545,289.06467,291.132215,False,
qvga-ab-20260812-123419.mjpeg:000328,328,2.063379,287.778998,289.842377,False,
qvga-ab-20260812-123419.mjpeg:000329,329,1.985514,293.244658,295.230172,False,
qvga-ab-20260812-123419.mjpeg:000330,330,1.987389,294.13226,296.119649,False,
qvga-ab-20260812-123419.mjpeg:000331,331,2.083691,288.267123,290.350814,False,
qvga-ab-20260812-123419.mjpeg:000332,332,1.998483,289.051184,291.049667,False,
qvga-ab-20260812-123419.mjpeg:000333,333,1.99192,305.048007,307.039927,False,
qvga-ab-20260812-123419.mjpeg:000334,334,1.987181,288.938684,290.925865,False,
qvga-ab-20260812-123419.mjpeg:000335,335,1.992442,287.639992,289.632434,False,
qvga-ab-20260812-123419.mjpeg:000336,336,2.062649,293.375704,295.438353,False,
qvga-ab-20260812-123419.mjpeg:000337,337,2.062442,288.781395,290.843837,False,
qvga-ab-20260812-123419.mjpeg:000338,338,2.123222,287.737754,289.860976,False,
qvga-ab-20260812-123419.mjpeg:000339,339,1.978587,287.942807,289.921394,False,
qvga-ab-20260812-123419.mjpeg:000340,340,1.970879,297.220173,299.191052,False,
qvga-ab-20260812-123419.mjpeg:000341,341,1.969264,290.894776,292.86404,False,
qvga-ab-20260812-123419.mjpeg:000342,342,1.961608,288.523119,290.484727,False,
qvga-ab-20260812-123419.mjpeg:000343,343,1.965306,295.727679,297.692985,False,
qvga-ab-20260812-123419.mjpeg:000344,344,2.062754,288.6239,290.686654,False,
qvga-ab-20260812-123419.mjpeg:000345,345,2.027337,288.496975,290.524312,False,
qvga-ab-20260812-123419.mjpeg:000346,346,2.00041,288.566975,290.567385,False,
qvga-ab-20260812-123419.mjpeg:000347,347,1.9189,298.589443,300.508343,False,
qvga-ab-20260812-123419.mjpeg:000348,348,1.998743,287.780208,289.778951,False,
qvga-ab-20260812-123419.mjpeg:000349,349,1.918222,292.105352,294.023574,False,
qvga-ab-20260812-123419.mjpeg:000350,350,1.919473,293.08863,295.008103,False,
qvga-ab-20260812-123419.mjpeg:000351,351,1.933171,292.218632,294.151803,False,
qvga-ab-20260812-123419.mjpeg:000352,352,2.010618,288.802708,290.813326,False,
qvga-ab-20260812-123419.mjpeg:000353,353,2.009317,288.1087,290.118017,False,
qvga-ab-20260812-123419.mjpeg:000354,354,1.933379,311.218312,313.151691,False,
qvga-ab-20260812-123419.mjpeg:000355,355,1.99739,288.46073,290.45812,False,
qvga-ab-20260812-123419.mjpeg:000356,356,1.988692,292.420875,294.409567,False,
qvga-ab-20260812-123419.mjpeg:000357,357,1.911088,297.328776,299.239864,False,
qvga-ab-20260812-123419.mjpeg:000358,358,1.911088,288.648544,290.559632,False,
qvga-ab-20260812-123419.mjpeg:000359,359,1.91338,288.216308,290.129688,False,
qvga-ab-20260812-123419.mjpeg:000360,360,1.978588,289.31021,291.288798,False,
qvga-ab-20260812-123419.mjpeg:000361,361,1.931296,288.769379,290.700675,False,
qvga-ab-20260812-123419.mjpeg:000362,362,2.027598,289.029744,291.057342,False,
qvga-ab-20260812-123419.mjpeg:000363,363,2.036295,288.31131,290.347605,False,
qvga-ab-20260812-123419.mjpeg:000364,364,2.061973,298.023518,300.085491,False,
qvga-ab-20260812-123419.mjpeg:000365,365,2.041191,289.87469,291.915881,False,
qvga-ab-20260812-123419.mjpeg:000366,366,2.038327,292.982391,295.020718,False,
qvga-ab-20260812-123419.mjpeg:000367,367,2.049004,297.189044,299.238048,False,
qvga-ab-20260812-123419.mjpeg:000368,368,2.052806,294.723947,296.776753,False,
qvga-ab-20260812-123419.mjpeg:000369,369,1.983379,287.330483,289.313862,False,
qvga-ab-20260812-123419.mjpeg:000370,370,2.060097,293.133226,295.193323,False,
qvga-ab-20260812-123419.mjpeg:000371,371,2.068275,288.584021,290.652296,False,
qvga-ab-20260812-123419.mjpeg:000372,372,2.055462,289.412925,291.468387,False,
qvga-ab-20260812-123419.mjpeg:000373,373,2.064577,288.262774,290.327351,False,
qvga-ab-20260812-123419.mjpeg:000374,374,1.997077,312.222125,314.219202,False,
qvga-ab-20260812-123419.mjpeg:000375,375,1.993014,288.238712,290.231726,False,
qvga-ab-20260812-123419.mjpeg:000376,376,2.07968,289.755168,291.834848,False,
qvga-ab-20260812-123419.mjpeg:000377,377,1.997598,295.943012,297.94061,False,
qvga-ab-20260812-123419.mjpeg:000378,378,2.086243,289.92475,292.010993,False,
qvga-ab-20260812-123419.mjpeg:000379,379,1.999838,288.441371,290.441209,False,
qvga-ab-20260812-123419.mjpeg:000380,380,2.064942,289.396108,291.46105,False,
qvga-ab-20260812-123419.mjpeg:000381,381,2.064212,293.636251,295.700463,False,
qvga-ab-20260812-123419.mjpeg:000382,382,1.9964,288.495486,290.491886,False,
qvga-ab-20260812-123419.mjpeg:000383,383,2.073587,288.903872,290.977459,False,
qvga-ab-20260812-123419.mjpeg:000384,384,2.068483,292.598652,294.667135,False,
qvga-ab-20260812-123419.mjpeg:000385,385,2.073587,294.593906,296.667493,False,
qvga-ab-20260812-123419.mjpeg:000386,386,2.070515,288.527937,290.598452,False,
qvga-ab-20260812-123419.mjpeg:000387,387,2.067702,288.885229,290.952931,False,
qvga-ab-20260812-123419.mjpeg:000388,388,2.082754,293.894119,295.976873,False,
qvga-ab-20260812-123419.mjpeg:000389,389,2.074265,287.826587,289.900852,False,
qvga-ab-20260812-123419.mjpeg:000390,390,2.08015,289.604395,291.684545,False,
qvga-ab-20260812-123419.mjpeg:000391,391,2.076399,298.914209,300.990608,False,
qvga-ab-20260812-123419.mjpeg:000392,392,2.011087,288.649138,290.660225,False,
qvga-ab-20260812-123419.mjpeg:000393,393,2.058483,288.846691,290.905174,False,
qvga-ab-20260812-123419.mjpeg:000394,394,2.069056,293.129437,295.198493,False,
qvga-ab-20260812-123419.mjpeg:000395,395,2.078014,293.826883,295.904897,False,
qvga-ab-20260812-123419.mjpeg:000396,396,2.0064,289.7607,291.7671,False,
qvga-ab-20260812-123419.mjpeg:000397,397,2.003014,288.433882,290.436896,False,
qvga-ab-20260812-123419.mjpeg:000398,398,2.009213,295.232141,297.241354,False,
qvga-ab-20260812-123419.mjpeg:000399,399,2.067701,287.725135,289.792836,False,
qvga-ab-20260812-123419.mjpeg:000400,400,2.006817,288.125447,290.132264,False,
qvga-ab-20260812-123419.mjpeg:000401,401,2.070827,299.126194,301.197021,False,
qvga-ab-20260812-123419.mjpeg:000402,402,1.997598,288.746539,290.744137,False,
qvga-ab-20260812-123419.mjpeg:000403,403,1.994577,288.268677,290.263254,False,
qvga-ab-20260812-123419.mjpeg:000404,404,2.0039,294.283972,296.287872,False,
qvga-ab-20260812-123419.mjpeg:000405,405,2.005619,289.841902,291.847521,False,
qvga-ab-20260812-123419.mjpeg:000406,406,2.002858,288.882531,290.885389,False,
qvga-ab-20260812-123419.mjpeg:000407,407,1.995306,288.602638,290.597944,False,
qvga-ab-20260812-123419.mjpeg:000408,408,1.997962,294.329651,296.327613,False,
qvga-ab-20260812-123419.mjpeg:000409,409,1.974785,288.684773,290.659558,False,
qvga-ab-20260812-123419.mjpeg:000410,410,1.984212,288.555453,290.539665,False,
qvga-ab-20260812-123419.mjpeg:000411,411,1.9764,288.910712,290.887112,False,
qvga-ab-20260812-123419.mjpeg:000412,412,1.97067,290.566332,292.537002,False,
qvga-ab-20260812-123419.mjpeg:000413,413,1.954733,288.817067,290.7718,False,
qvga-ab-20260812-123419.mjpeg:000414,414,1.942182,297.8148,299.756982,False,
qvga-ab-20260812-123419.mjpeg:000415,415,1.925254,297.933863,299.859117,False,
qvga-ab-20260812-123419.mjpeg:000416,416,2.009629,288.934047,290.943676,False,
qvga-ab-20260812-123419.mjpeg:000417,417,1.908484,290.427586,292.33607,False,
qvga-ab-20260812-123419.mjpeg:000418,418,1.978275,300.934272,302.912547,False,
qvga-ab-20260812-123419.mjpeg:000419,419,1.983536,288.400873,290.384409,False,
qvga-ab-20260812-123419.mjpeg:000420,420,1.913901,287.403846,289.317747,False,
qvga-ab-20260812-123419.mjpeg:000421,421,2.005671,288.655874,290.661545,False,
qvga-ab-20260812-123419.mjpeg:000422,422,2.048327,291.845865,293.894192,False,
qvga-ab-20260812-123419.mjpeg:000423,423,1.977911,288.179626,290.157537,False,
qvga-ab-20260812-123419.mjpeg:000424,424,1.994212,288.777699,290.771911,False,
qvga-ab-20260812-123419.mjpeg:000425,425,2.00416,294.343411,296.347571,False,
qvga-ab-20260812-123419.mjpeg:000426,426,1.995983,288.865095,290.861078,False,
qvga-ab-20260812-123419.mjpeg:000427,427,1.997442,288.547233,290.544675,False,
qvga-ab-20260812-123419.mjpeg:000428,428,1.999525,288.868534,290.868059,False,
qvga-ab-20260812-123419.mjpeg:000429,429,2.000463,289.250199,291.250662,False,
qvga-ab-20260812-123419.mjpeg:000430,430,2.000098,288.329423,290.329521,False,
qvga-ab-20260812-123419.mjpeg:000431,431,2.078274,289.365722,291.443996,False,
qvga-ab-20260812-123419.mjpeg:000432,432,2.069681,293.846073,295.915754,False,
qvga-ab-20260812-123419.mjpeg:000433,433,2.000618,288.724735,290.725353,False,
qvga-ab-20260812-123419.mjpeg:000434,434,2.070514,288.039322,290.109836,False,
qvga-ab-20260812-123419.mjpeg:000435,435,2.062233,296.712212,298.774445,False,
qvga-ab-20260812-123419.mjpeg:000436,436,2.111817,288.413643,290.52546,False,
qvga-ab-20260812-123419.mjpeg:000437,437,1.98666,288.652864,290.639524,False,
qvga-ab-20260812-123419.mjpeg:000438,438,1.995411,292.859152,294.854563,False,
qvga-ab-20260812-123419.mjpeg:000439,439,1.996921,291.423897,293.420818,False,
qvga-ab-20260812-123419.mjpeg:000440,440,2.076191,288.319116,290.395307,False,
qvga-ab-20260812-123419.mjpeg:000441,441,1.989837,294.437171,296.427008,False,
qvga-ab-20260812-123419.mjpeg:000442,442,2.069004,295.125918,297.194922,False,
qvga-ab-20260812-123419.mjpeg:000443,443,1.999056,289.019896,291.018952,False,
qvga-ab-20260812-123419.mjpeg:000444,444,1.9889,291.066974,293.055874,False,
qvga-ab-20260812-123419.mjpeg:000445,445,2.068379,292.934938,295.003317,False,
qvga-ab-20260812-123419.mjpeg:000446,446,2.072962,292.42671,294.499672,False,
qvga-ab-20260812-123419.mjpeg:000447,447,1.995671,289.10844,291.104111,False,
qvga-ab-20260812-123419.mjpeg:000448,448,1.997806,288.724588,290.722394,False,
qvga-ab-20260812-123419.mjpeg:000449,449,1.995567,295.129673,297.12524,False,
qvga-ab-20260812-123419.mjpeg:000450,450,2.070931,287.833237,289.904168,False,
qvga-ab-20260812-123419.mjpeg:000451,451,1.985879,288.179071,290.16495,False,
qvga-ab-20260812-123419.mjpeg:000452,452,1.992859,294.735144,296.728003,False,
qvga-ab-20260812-123419.mjpeg:000453,453,1.994161,289.465838,291.459999,False,
qvga-ab-20260812-123419.mjpeg:000454,454,2.071973,290.868595,292.940568,False,
qvga-ab-20260812-123419.mjpeg:000455,455,2.078327,292.987652,295.065979,False,
qvga-ab-20260812-123419.mjpeg:000456,456,2.071296,299.21857,301.289866,False,
qvga-ab-20260812-123419.mjpeg:000457,457,1.994577,289.018603,291.01318,False,
qvga-ab-20260812-123419.mjpeg:000458,458,1.981973,289.623341,291.605314,False,
qvga-ab-20260812-123419.mjpeg:000459,459,1.9914,294.477181,296.468581,False,
qvga-ab-20260812-123419.mjpeg:000460,460,2.054004,288.231002,290.285006,False,
qvga-ab-20260812-123419.mjpeg:000461,461,2.039109,288.82772,290.866829,False,
qvga-ab-20260812-123419.mjpeg:000462,462,1.974733,294.085674,296.060407,False,
qvga-ab-20260812-123419.mjpeg:000463,463,2.051192,288.676783,290.727975,False,
qvga-ab-20260812-123419.mjpeg:000464,464,1.980723,288.889388,290.870111,False,
qvga-ab-20260812-123419.mjpeg:000465,465,1.991816,288.863921,290.855737,False,
qvga-ab-20260812-123419.mjpeg:000466,466,1.994317,300.826592,302.820909,False,
qvga-ab-20260812-123419.mjpeg:000467,467,1.990723,288.202881,290.193604,False,
qvga-ab-20260812-123419.mjpeg:000468,468,2.082755,289.07814,291.160895,False,
qvga-ab-20260812-123419.mjpeg:000469,469,2.072442,293.656356,295.728798,False,
qvga-ab-20260812-123419.mjpeg:000470,470,2.009629,288.812673,290.822302,False,
qvga-ab-20260812-123419.mjpeg:000471,471,2.07166,287.706428,289.778088,False,
qvga-ab-20260812-123419.mjpeg:000472,472,2.074473,290.008868,292.083341,False,
qvga-ab-20260812-123419.mjpeg:000473,473,2.082181,299.602746,301.684927,False,
qvga-ab-20260812-123419.mjpeg:000474,474,2.006348,288.551687,290.558035,False,
qvga-ab-20260812-123419.mjpeg:000475,475,2.005775,288.181116,290.186891,False,
qvga-ab-20260812-123419.mjpeg:000476,476,2.076921,304.892524,306.969445,False,
qvga-ab-20260812-123419.mjpeg:000477,477,2.077702,289.17054,291.248242,False,
qvga-ab-20260812-123419.mjpeg:000478,478,2.067494,289.148667,291.216161,False,
qvga-ab-20260812-123419.mjpeg:000479,479,2.060671,291.837461,293.898132,False,
qvga-ab-20260812-123419.mjpeg:000480,480,2.070307,293.696882,295.767189,False,
qvga-ab-20260812-123419.mjpeg:000481,481,2.065723,288.831742,290.897465,False,
qvga-ab-20260812-123419.mjpeg:000482,482,2.063691,292.748086,294.811777,False,
qvga-ab-20260812-123419.mjpeg:000483,483,1.983588,297.304894,299.288482,False,
qvga-ab-20260812-123419.mjpeg:000484,484,1.988588,289.60299,291.591578,False,
qvga-ab-20260812-123419.mjpeg:000485,485,2.059733,289.864242,291.923975,False,
qvga-ab-20260812-123419.mjpeg:000486,486,2.072337,294.875842,296.948179,False,
qvga-ab-20260812-123419.mjpeg:000487,487,1.986505,289.093827,291.080332,False,
qvga-ab-20260812-123419.mjpeg:000488,488,1.9914,288.77607,290.76747,False,
qvga-ab-20260812-123419.mjpeg:000489,489,1.98989,290.609345,292.599235,False,
qvga-ab-20260812-123419.mjpeg:000490,490,1.986608,291.825592,293.8122,False,
qvga-ab-20260812-123419.mjpeg:000491,491,2.000619,288.310551,290.31117,False,
qvga-ab-20260812-123419.mjpeg:000492,492,2.092338,288.135969,290.228307,False,
qvga-ab-20260812-123419.mjpeg:000493,493,2.058483,296.018498,298.076981,False,
qvga-ab-20260812-123419.mjpeg:000494,494,2.002859,289.288153,291.291012,False,
qvga-ab-20260812-123419.mjpeg:000495,495,1.992546,290.557318,292.549864,False,
qvga-ab-20260812-123419.mjpeg:000496,496,2.06963,293.798715,295.868345,False,
qvga-ab-20260812-123419.mjpeg:000497,497,2.072858,290.024143,292.097001,False,
qvga-ab-20260812-123419.mjpeg:000498,498,2.068743,289.419406,291.488149,False,
qvga-ab-20260812-123419.mjpeg:000499,499,1.987703,287.882536,289.870239,False,
qvga-ab-20260812-123419.mjpeg:000500,500,2.06114,299.844532,301.905672,False,
qvga-ab-20260812-123419.mjpeg:000501,501,1.988483,288.18488,290.173363,False,
qvga-ab-20260812-123419.mjpeg:000502,502,1.997598,288.899046,290.896644,False,
qvga-ab-20260812-123419.mjpeg:000503,503,1.995307,293.970333,295.96564,False,
qvga-ab-20260812-123419.mjpeg:000504,504,1.985827,292.907628,294.893455,False,
qvga-ab-20260812-123419.mjpeg:000505,505,1.989995,288.288684,290.278679,False,
qvga-ab-20260812-123419.mjpeg:000506,506,2.066556,293.554972,295.621528,False,
qvga-ab-20260812-123419.mjpeg:000507,507,1.995931,289.629306,291.625237,False,
qvga-ab-20260812-123419.mjpeg:000508,508,1.992911,288.804101,290.797012,False,
qvga-ab-20260812-123419.mjpeg:000509,509,1.997703,291.748728,293.746431,False,
qvga-ab-20260812-123419.mjpeg:000510,510,2.063119,294.520439,296.583558,False,
qvga-ab-20260812-123419.mjpeg:000511,511,1.983692,293.066798,295.05049,False,
qvga-ab-20260812-123419.mjpeg:000512,512,2.065619,288.414834,290.480453,False,
qvga-ab-20260812-123419.mjpeg:000513,513,2.079109,296.503977,298.583086,False,
qvga-ab-20260812-123419.mjpeg:000514,514,2.286347,288.71275,290.999097,False,
qvga-ab-20260812-123419.mjpeg:000515,515,2.065046,288.634939,290.699985,False,
qvga-ab-20260812-123419.mjpeg:000516,516,1.990047,292.929979,294.920026,False,
qvga-ab-20260812-123419.mjpeg:000517,517,1.986505,295.316847,297.303352,False,
qvga-ab-20260812-123419.mjpeg:000518,518,2.072494,290.673267,292.745761,False,
qvga-ab-20260812-123419.mjpeg:000519,519,1.99515,287.809423,289.804573,False,
qvga-ab-20260812-123419.mjpeg:000520,520,2.066817,296.655491,298.722308,False,
qvga-ab-20260812-123419.mjpeg:000521,521,2.06088,288.250672,290.311552,False,
qvga-ab-20260812-123419.mjpeg:000522,522,1.985151,288.781661,290.766812,False,
qvga-ab-20260812-123419.mjpeg:000523,523,1.985359,289.165307,291.150666,False,
qvga-ab-20260812-123419.mjpeg:000524,524,1.989525,289.000255,290.98978,False,
qvga-ab-20260812-123419.mjpeg:000525,525,1.999838,288.619892,290.61973,False,
qvga-ab-20260812-123419.mjpeg:000526,526,1.993432,288.551039,290.544471,False,
qvga-ab-20260812-123419.mjpeg:000527,527,2.0564,300.843816,302.900216,False,
qvga-ab-20260812-123419.mjpeg:000528,528,2.06265,289.492391,291.555041,False,
qvga-ab-20260812-123419.mjpeg:000529,529,2.061973,288.430677,290.49265,False,
qvga-ab-20260812-123419.mjpeg:000530,530,2.068691,296.523362,298.592053,False,
qvga-ab-20260812-123419.mjpeg:000531,531,2.074525,291.702907,293.777432,False,
qvga-ab-20260812-123419.mjpeg:000532,532,1.985307,288.733593,290.7189,False,
qvga-ab-20260812-123419.mjpeg:000533,533,1.991713,294.278422,296.270135,False,
qvga-ab-20260812-123419.mjpeg:000534,534,1.985932,298.257057,300.242989,False,
qvga-ab-20260812-123419.mjpeg:000535,535,2.06239,288.506616,290.569006,False,
qvga-ab-20260812-123419.mjpeg:000536,536,1.984473,288.757347,290.74182,False,
qvga-ab-20260812-123419.mjpeg:000537,537,1.98713,295.937482,297.924612,False,
qvga-ab-20260812-123419.mjpeg:000538,538,1.988588,289.133908,291.122496,False,
qvga-ab-20260812-123419.mjpeg:000539,539,1.988328,288.317401,290.305729,False,
qvga-ab-20260812-123419.mjpeg:000540,540,2.069161,305.879903,307.949064,False,
qvga-ab-20260812-123419.mjpeg:000541,541,2.069838,291.589059,293.658897,False,
qvga-ab-20260812-123419.mjpeg:000542,542,2.063119,288.095737,290.158856,False,
qvga-ab-20260812-123419.mjpeg:000543,543,1.983328,290.51198,292.495308,False,
qvga-ab-20260812-123419.mjpeg:000544,544,2.064681,298.821228,300.885909,False,
qvga-ab-20260812-123419.mjpeg:000545,545,2.002338,296.289933,298.292271,False,
qvga-ab-20260812-123419.mjpeg:000546,546,2.069734,288.314228,290.383962,False,
qvga-ab-20260812-123419.mjpeg:000547,547,2.071608,296.609101,298.680709,False,
qvga-ab-20260812-123419.mjpeg:000548,548,1.999265,288.639228,290.638493,False,
qvga-ab-20260812-123419.mjpeg:000549,549,2.00515,288.568135,290.573285,False,
qvga-ab-20260812-123419.mjpeg:000550,550,2.005984,288.312459,290.318443,False,
qvga-ab-20260812-123419.mjpeg:000551,551,2.092963,292.890779,294.983742,False,
qvga-ab-20260812-123419.mjpeg:000552,552,2.075879,288.627667,290.703546,False,
qvga-ab-20260812-123419.mjpeg:000553,553,2.082755,288.041785,290.12454,False,
qvga-ab-20260812-123419.mjpeg:000554,554,2.007598,293.386353,295.393951,False,
qvga-ab-20260812-123419.mjpeg:000555,555,2.011505,289.699228,291.710733,False,
qvga-ab-20260812-123419.mjpeg:000556,556,2.090307,288.952981,291.043288,False,
qvga-ab-20260812-123419.mjpeg:000557,557,2.074421,289.118138,291.192559,False,
qvga-ab-20260812-123419.mjpeg:000558,558,2.015672,290.252249,292.267921,False,
qvga-ab-20260812-123419.mjpeg:000559,559,2.086244,288.324808,290.411052,False,
qvga-ab-20260812-123419.mjpeg:000560,560,2.074577,288.964703,291.03928,False,
qvga-ab-20260812-123419.mjpeg:000561,561,2.009421,298.064833,300.074254,False,
qvga-ab-20260812-123419.mjpeg:000562,562,2.097807,287.899132,289.996939,False,
qvga-ab-20260812-123419.mjpeg:000563,563,2.005724,288.138456,290.14418,False,
qvga-ab-20260812-123419.mjpeg:000564,564,2.333691,289.284287,291.617978,False,
qvga-ab-20260812-123419.mjpeg:000565,565,2.010775,292.375164,294.385939,False,
qvga-ab-20260812-123419.mjpeg:000566,566,2.014369,288.319707,290.334076,False,
qvga-ab-20260812-123419.mjpeg:000567,567,2.088015,289.105904,291.193919,False,
qvga-ab-20260812-123419.mjpeg:000568,568,2.090931,294.407556,296.498487,False,
qvga-ab-20260812-123419.mjpeg:000569,569,2.016504,292.690686,294.70719,False,
qvga-ab-20260812-123419.mjpeg:000570,570,2.098796,288.477574,290.57637,False,
qvga-ab-20260812-123419.mjpeg:000571,571,2.087338,294.659587,296.746925,False,
qvga-ab-20260812-123419.mjpeg:000572,572,2.015359,293.128186,295.143545,False,
qvga-ab-20260812-123419.mjpeg:000573,573,2.021504,287.84414,289.865644,False,
qvga-ab-20260812-123419.mjpeg:000574,574,2.091349,297.173957,299.265306,False,
qvga-ab-20260812-123419.mjpeg:000575,575,2.242806,288.084348,290.327154,False,
qvga-ab-20260812-123419.mjpeg:000576,576,2.113848,288.306432,290.42028,False,
qvga-ab-20260812-123419.mjpeg:000577,577,2.008692,288.453307,290.461999,False,
qvga-ab-20260812-123419.mjpeg:000578,578,2.016505,300.589679,302.606184,False,
qvga-ab-20260812-123419.mjpeg:000579,579,2.022025,291.487517,293.509542,False,
qvga-ab-20260812-123419.mjpeg:000580,580,2.096036,288.416069,290.512105,False,
qvga-ab-20260812-123419.mjpeg:000581,581,2.010828,295.1598,297.170628,False,
qvga-ab-20260812-123419.mjpeg:000582,582,2.261348,291.177832,293.43918,False,
qvga-ab-20260812-123419.mjpeg:000583,583,2.085307,288.02529,290.110597,False,
qvga-ab-20260812-123419.mjpeg:000584,584,2.014838,291.617677,293.632515,False,
qvga-ab-20260812-123419.mjpeg:000585,585,2.093901,293.291734,295.385635,False,
qvga-ab-20260812-123419.mjpeg:000586,586,2.093536,292.323352,294.416888,False,
qvga-ab-20260812-123419.mjpeg:000587,587,2.084838,288.672634,290.757472,False,
qvga-ab-20260812-123419.mjpeg:000588,588,2.114473,294.809545,296.924018,False,
qvga-ab-20260812-123419.mjpeg:000589,589,2.093171,288.050241,290.143412,False,
qvga-ab-20260812-123419.mjpeg:000590,590,2.089109,288.259252,290.348361,False,
qvga-ab-20260812-123419.mjpeg:000591,591,2.018536,292.113564,294.1321,False,
qvga-ab-20260812-123419.mjpeg:000592,592,2.192702,294.134757,296.327459,False,
qvga-ab-20260812-123419.mjpeg:000593,593,2.00213,288.840293,290.842423,False,
qvga-ab-20260812-123419.mjpeg:000594,594,2.015619,288.563889,290.579508,False,
qvga-ab-20260812-123419.mjpeg:000595,595,2.012963,298.063498,300.076461,False,
qvga-ab-20260812-123419.mjpeg:000596,596,2.010098,289.488834,291.498932,False,
qvga-ab-20260812-123419.mjpeg:000597,597,1.998745,290.589093,292.587838,False,
qvga-ab-20260812-123419.mjpeg:000598,598,2.082077,289.289357,291.371434,False,
qvga-ab-20260812-123419.mjpeg:000599,599,2.075932,293.015493,295.091425,False,
