timestamp,cpu_percent,rss_mib,swap_mib,temperature,throttled,capture_fps,tracker_effective_fps,snapshot_age_ms,snapshot_stale_drops,face_to_eye_first_frame_p50_ms,face_to_eye_first_frame_p95_ms,eye_effective_fps,eye_frame_p95_ms,sample_interval_ms,error
2026-08-12T17:11:31+0800,,99.875,33.328,temp=50.5'C,throttled=0x0,15.0,1.998,269.065,0,93.084,113.186,13.232,89.211,40.0,
2026-08-12T17:11:33+0800,109.246,99.965,33.273,temp=50.5'C,throttled=0x0,15.0,1.998,284.103,0,93.084,113.186,13.215,89.547,40.0,
2026-08-12T17:11:34+0800,110.253,100.246,33.234,temp=49.9'C,throttled=0x0,15.0,1.998,322.865,0,93.084,113.186,13.167,89.712,40.0,
2026-08-12T17:11:35+0800,109.01,100.227,33.156,temp=50.5'C,throttled=0x0,15.0,1.998,346.588,0,93.084,113.186,13.148,89.712,40.0,
2026-08-12T17:11:36+0800,112.289,100.309,33.117,temp=49.9'C,throttled=0x0,15.0,1.998,318.865,0,93.084,113.186,13.103,89.712,40.0,
2026-08-12T17:11:37+0800,105.394,100.281,33.102,temp=50.5'C,throttled=0x0,15.0,1.998,374.917,0,93.084,113.186,13.09,90.216,40.0,
2026-08-12T17:11:38+0800,110.452,100.359,33.094,temp=49.9'C,throttled=0x0,15.0,1.998,408.987,0,93.084,113.186,13.057,91.037,40.0,
2026-08-12T17:11:39+0800,113.416,102.844,33.078,temp=50.5'C,throttled=0x0,15.0,1.998,354.401,0,93.084,113.186,13.029,91.694,40.0,
2026-08-12T17:11:40+0800,123.862,103.621,33.043,temp=50.5'C,throttled=0x0,15.0,1.998,404.06,0,93.084,113.186,12.975,92.492,40.0,
2026-08-12T17:11:41+0800,118.484,100.383,33.039,temp=50.5'C,throttled=0x0,15.0,1.998,454.936,0,93.084,113.186,12.923,93.171,40.0,
2026-08-12T17:11:42+0800,110.316,100.523,33.035,temp=50.5'C,throttled=0x0,15.0,1.998,10.386,0,93.084,113.186,12.88,93.256,40.0,
2026-08-12T17:11:43+0800,111.351,100.52,33.02,temp=50.5'C,throttled=0x0,15.0,1.998,465.04,0,93.084,113.186,12.842,93.96,40.0,
2026-08-12T17:11:44+0800,113.185,100.445,33.016,temp=50.5'C,throttled=0x0,15.0,1.998,507.045,0,93.084,113.186,12.802,94.634,40.0,
2026-08-12T17:11:45+0800,110.258,100.504,33.012,temp=50.5'C,throttled=0x0,15.0,1.998,46.706,0,93.084,113.186,12.768,95.946,40.0,
2026-08-12T17:11:46+0800,114.136,100.504,33.008,temp=51.0'C,throttled=0x0,15.0,1.998,71.52,0,93.084,113.186,12.729,96.315,40.0,
2026-08-12T17:11:47+0800,112.325,100.68,33.008,temp=50.5'C,throttled=0x0,15.0,1.998,36.205,0,93.084,113.186,12.678,96.552,40.0,
2026-08-12T17:11:48+0800,113.339,100.582,33.008,temp=51.0'C,throttled=0x0,15.0,1.998,91.57,0,93.084,113.186,12.623,97.516,40.0,
2026-08-12T17:11:49+0800,114.08,100.621,33.0,temp=51.0'C,throttled=0x0,15.0,1.999,64.984,0,93.084,113.186,12.603,97.564,40.0,
2026-08-12T17:11:50+0800,113.25,100.535,33.0,temp=50.5'C,throttled=0x0,15.0,1.998,125.71,0,93.084,113.186,12.546,97.798,40.0,
2026-08-12T17:11:51+0800,110.161,100.621,32.996,temp=51.0'C,throttled=0x0,15.0,1.998,158.044,0,93.084,113.186,12.518,97.564,40.0,
2026-08-12T17:11:52+0800,103.425,100.535,32.996,temp=50.5'C,throttled=0x0,15.0,1.998,146.417,0,93.084,113.186,12.559,97.564,40.0,
2026-08-12T17:11:53+0800,103.369,100.488,32.996,temp=50.5'C,throttled=0x0,15.0,1.998,186.726,0,93.084,113.186,12.587,97.564,40.0,
2026-08-12T17:11:54+0800,102.37,100.496,32.996,temp=51.0'C,throttled=0x0,15.0,1.998,178.228,0,93.084,113.186,12.617,97.564,40.0,
2026-08-12T17:11:55+0800,102.368,100.605,32.996,temp=50.5'C,throttled=0x0,15.0,1.998,161.483,0,93.084,113.186,12.644,97.564,40.0,
2026-08-12T17:11:56+0800,102.443,100.629,32.996,temp=51.0'C,throttled=0x0,15.0,1.998,203.849,0,93.084,113.186,12.697,97.516,40.0,
2026-08-12T17:11:57+0800,103.037,100.582,32.996,temp=50.5'C,throttled=0x0,15.0,1.998,256.381,0,93.084,113.186,12.712,97.516,40.0,
2026-08-12T17:11:58+0800,104.225,100.488,32.996,temp=50.5'C,throttled=0x0,15.0,1.998,235.084,0,93.084,113.186,12.741,96.888,40.0,
2026-08-12T17:11:59+0800,110.198,100.465,32.996,temp=50.5'C,throttled=0x0,15.0,1.998,272.728,0,93.084,113.186,12.749,96.552,40.0,
2026-08-12T17:12:00+0800,111.101,100.605,32.996,temp=50.5'C,throttled=0x0,15.0,1.998,250.738,0,93.084,113.186,12.729,96.888,40.0,
2026-08-12T17:12:01+0800,110.276,100.504,32.996,temp=50.5'C,throttled=0x0,15.0,1.998,299.119,0,93.084,113.186,12.73,96.889,40.0,
2026-08-12T17:12:02+0800,108.356,100.566,32.996,temp=51.0'C,throttled=0x0,15.0,1.998,308.874,0,93.084,113.186,12.75,96.888,40.0,
2026-08-12T17:12:03+0800,104.444,100.652,32.996,temp=50.5'C,throttled=0x0,15.0,1.998,300.817,0,93.084,113.186,12.778,95.946,40.0,
2026-08-12T17:12:04+0800,103.435,100.598,32.996,temp=50.5'C,throttled=0x0,15.0,1.998,358.037,0,93.084,113.186,12.812,95.665,40.0,
2026-08-12T17:12:05+0800,115.317,100.75,32.996,temp=50.5'C,throttled=0x0,15.0,1.998,315.402,0,93.084,113.186,12.813,95.747,40.0,
2026-08-12T17:12:06+0800,113.002,100.652,32.996,temp=51.0'C,throttled=0x0,15.0,1.998,331.902,0,93.084,113.186,12.818,95.665,40.0,
2026-08-12T17:12:07+0800,111.363,100.57,32.996,temp=51.0'C,throttled=0x0,15.0,1.998,366.301,0,93.084,113.186,12.834,95.665,40.0,
2026-08-12T17:12:08+0800,114.862,103.895,32.996,temp=51.5'C,throttled=0x0,15.0,1.998,403.43,0,93.084,113.186,12.861,95.566,40.0,
2026-08-12T17:12:09+0800,119.217,103.824,32.996,temp=51.5'C,throttled=0x0,15.0,1.998,427.555,0,93.084,113.186,12.878,95.566,40.0,
2026-08-12T17:12:10+0800,117.535,100.652,32.996,temp=50.5'C,throttled=0x0,15.0,1.998,409.507,0,93.084,113.186,12.86,95.665,40.0,
2026-08-12T17:12:11+0800,112.043,100.641,32.996,temp=51.5'C,throttled=0x0,15.0,1.998,457.317,0,93.084,113.186,12.844,96.889,40.0,
2026-08-12T17:12:12+0800,109.356,100.613,32.996,temp=51.5'C,throttled=0x0,15.0,1.998,3.379,0,93.084,113.186,12.795,97.386,40.0,
2026-08-12T17:12:13+0800,113.354,100.676,32.996,temp=51.5'C,throttled=0x0,15.0,1.998,38.45,0,93.084,113.186,12.755,97.386,40.0,
2026-08-12T17:12:14+0800,110.251,100.586,32.996,temp=51.5'C,throttled=0x0,15.0,1.998,2.489,0,93.084,113.186,12.73,97.591,40.0,
2026-08-12T17:12:15+0800,114.361,100.75,32.996,temp=51.5'C,throttled=0x0,15.0,1.998,4.306,0,93.084,113.186,12.66,98.741,40.0,
2026-08-12T17:12:16+0800,108.432,100.668,32.996,temp=51.5'C,throttled=0x0,15.0,1.998,44.111,0,93.084,113.186,12.617,98.741,40.0,
2026-08-12T17:12:17+0800,109.111,100.66,32.996,temp=51.0'C,throttled=0x0,15.0,1.998,79.358,0,93.084,113.186,12.583,99.144,40.0,
2026-08-12T17:12:18+0800,111.294,100.617,32.996,temp=51.5'C,throttled=0x0,15.0,1.998,99.011,0,93.084,113.186,12.563,99.145,40.0,
2026-08-12T17:12:19+0800,110.344,100.562,32.996,temp=51.5'C,throttled=0x0,15.0,1.998,72.396,0,93.084,113.186,12.552,99.226,40.0,
2026-08-12T17:12:20+0800,121.136,100.637,32.996,temp=51.5'C,throttled=0x0,15.0,1.998,133.829,0,93.084,113.186,12.548,99.145,40.0,
2026-08-12T17:12:21+0800,108.463,100.691,32.996,temp=51.5'C,throttled=0x0,15.0,1.998,169.153,0,93.084,113.186,12.558,99.145,40.0,
2026-08-12T17:12:22+0800,112.098,100.75,32.996,temp=51.5'C,throttled=0x0,15.0,1.998,119.603,0,113.186,119.526,12.543,99.226,40.0,
2026-08-12T17:12:23+0800,111.975,100.719,32.996,temp=51.5'C,throttled=0x0,15.0,1.998,157.997,0,113.186,119.526,12.514,99.298,40.0,
2026-08-12T17:12:24+0800,110.365,100.695,32.996,temp=52.1'C,throttled=0x0,15.0,1.998,175.513,0,113.186,119.526,12.501,99.298,40.0,
2026-08-12T17:12:25+0800,112.032,100.754,32.996,temp=51.5'C,throttled=0x0,15.0,1.998,496.266,0,113.186,119.526,12.491,99.226,40.0,
2026-08-12T17:12:26+0800,106.037,100.695,32.996,temp=51.5'C,throttled=0x0,15.0,1.998,228.999,0,119.526,120.291,12.498,99.226,40.0,
2026-08-12T17:12:27+0800,110.757,100.758,32.996,temp=51.5'C,throttled=0x0,15.0,1.998,245.193,0,119.526,120.291,12.504,99.226,40.0,
2026-08-12T17:12:28+0800,106.468,100.781,32.996,temp=52.1'C,throttled=0x0,15.0,1.998,446.115,0,119.526,120.291,12.519,99.226,40.0,
2026-08-12T17:12:30+0800,108.417,100.812,32.996,temp=52.1'C,throttled=0x0,15.0,1.998,446.115,0,119.526,120.291,12.54,99.226,40.0,
2026-08-12T17:12:31+0800,103.371,100.793,32.996,temp=52.1'C,throttled=0x0,15.0,1.998,446.115,0,119.526,120.291,12.58,99.145,40.0,
2026-08-12T17:12:32+0800,100.574,100.898,32.996,temp=51.5'C,throttled=0x0,15.0,1.998,446.115,0,119.526,120.291,12.665,97.702,40.0,
2026-08-12T17:12:33+0800,102.44,100.879,32.996,temp=51.5'C,throttled=0x0,15.0,1.998,446.115,0,119.526,120.291,12.745,96.821,40.0,
2026-08-12T17:12:34+0800,109.462,100.91,32.996,temp=51.5'C,throttled=0x0,15.0,1.998,446.115,0,119.526,120.291,12.76,96.821,40.0,
2026-08-12T17:12:35+0800,109.332,100.855,32.996,temp=51.5'C,throttled=0x0,15.0,1.998,446.115,0,119.526,120.291,12.839,95.433,40.0,
2026-08-12T17:12:36+0800,113.12,100.926,32.996,temp=52.1'C,throttled=0x0,15.0,1.998,446.115,0,119.526,120.291,12.894,94.41,40.0,
2026-08-12T17:12:37+0800,103.502,100.898,32.996,temp=51.5'C,throttled=0x0,15.0,1.998,446.115,0,119.526,120.291,12.945,94.41,40.0,
2026-08-12T17:12:38+0800,101.819,100.875,32.996,temp=51.5'C,throttled=0x0,15.0,1.998,446.115,0,119.526,120.291,13.022,93.004,40.0,
2026-08-12T17:12:39+0800,113.876,102.613,32.996,temp=51.5'C,throttled=0x0,15.0,1.998,446.115,0,119.526,120.291,13.076,92.751,40.0,
2026-08-12T17:12:40+0800,120.719,103.996,32.996,temp=51.5'C,throttled=0x0,15.0,1.998,446.115,0,119.526,120.291,13.137,92.751,40.0,
2026-08-12T17:12:41+0800,111.114,100.836,32.996,temp=51.5'C,throttled=0x0,15.0,1.998,446.115,0,119.526,120.291,13.171,92.751,40.0,
2026-08-12T17:12:42+0800,102.597,100.785,32.996,temp=51.5'C,throttled=0x0,15.0,1.998,3.182,0,119.526,120.291,13.25,92.547,40.0,
2026-08-12T17:12:43+0800,103.52,100.766,32.996,temp=51.5'C,throttled=0x0,15.0,1.998,3.58,0,113.186,120.291,13.278,92.139,40.0,
2026-08-12T17:12:44+0800,102.46,100.84,32.996,temp=51.5'C,throttled=0x0,15.0,1.998,478.778,0,113.186,120.291,13.309,91.802,40.0,
2026-08-12T17:12:45+0800,104.039,100.754,32.996,temp=51.5'C,throttled=0x0,15.0,1.998,17.091,0,113.186,120.291,13.36,89.409,40.0,
2026-08-12T17:12:46+0800,104.484,100.758,32.996,temp=51.5'C,throttled=0x0,15.0,1.998,39.446,0,113.186,120.291,13.352,89.409,40.0,
2026-08-12T17:12:47+0800,107.466,100.773,32.996,temp=52.1'C,throttled=0x0,15.0,1.998,24.543,0,113.186,120.291,13.377,89.409,40.0,
2026-08-12T17:12:48+0800,104.512,100.793,32.996,temp=51.5'C,throttled=0x0,15.0,1.998,77.714,0,113.186,120.291,13.405,88.792,40.0,
2026-08-12T17:12:49+0800,104.831,100.824,32.996,temp=51.5'C,throttled=0x0,15.0,1.998,79.845,0,113.186,120.291,13.405,90.38,40.0,
2026-08-12T17:12:50+0800,108.389,100.793,32.996,temp=52.1'C,throttled=0x0,15.0,1.998,74.312,0,113.186,120.291,13.389,91.28,40.0,
2026-08-12T17:12:51+0800,104.296,100.871,32.996,temp=52.1'C,throttled=0x0,15.0,1.998,145.015,0,113.186,120.291,13.35,91.28,40.0,
2026-08-12T17:12:52+0800,105.407,100.742,32.996,temp=51.5'C,throttled=0x0,15.0,1.998,132.635,0,113.186,120.291,13.289,91.341,40.0,
2026-08-12T17:12:53+0800,101.461,100.859,32.996,temp=51.5'C,throttled=0x0,15.0,1.998,187.654,0,113.186,120.291,13.319,91.341,40.0,
2026-08-12T17:12:54+0800,101.524,100.887,32.996,temp=52.1'C,throttled=0x0,15.0,1.998,163.175,0,113.186,120.291,13.294,91.341,40.0,
2026-08-12T17:12:55+0800,107.227,100.969,32.996,temp=52.1'C,throttled=0x0,15.0,1.998,160.841,0,113.186,120.291,13.283,91.28,40.0,
2026-08-12T17:12:56+0800,106.488,100.965,32.996,temp=51.5'C,throttled=0x0,15.0,1.998,163.668,0,113.186,120.291,13.253,90.854,40.0,
2026-08-12T17:12:57+0800,103.308,101.0,32.996,temp=51.5'C,throttled=0x0,15.0,1.998,197.784,0,113.186,120.291,13.221,90.854,40.0,
2026-08-12T17:12:58+0800,100.568,100.934,32.996,temp=51.5'C,throttled=0x0,15.0,1.998,442.089,0,113.186,120.291,13.214,90.38,40.0,
2026-08-12T17:12:59+0800,104.168,100.996,32.996,temp=51.5'C,throttled=0x0,15.0,1.998,226.416,0,113.186,129.127,13.216,88.792,40.0,
2026-08-12T17:13:00+0800,101.416,101.035,32.996,temp=52.1'C,throttled=0x0,15.0,1.998,278.914,0,113.186,129.127,13.228,88.792,40.0,
2026-08-12T17:13:01+0800,108.024,100.867,32.996,temp=51.5'C,throttled=0x0,15.0,1.998,449.166,0,113.186,129.127,13.179,90.38,40.0,
2026-08-12T17:13:02+0800,104.452,101.0,32.996,temp=52.1'C,throttled=0x0,15.0,1.998,293.598,0,119.526,132.984,13.197,90.795,40.0,
2026-08-12T17:13:03+0800,105.191,100.895,32.996,temp=51.5'C,throttled=0x0,15.0,1.998,282.647,0,119.526,132.984,13.184,90.38,40.0,
2026-08-12T17:13:04+0800,105.431,100.977,32.996,temp=51.5'C,throttled=0x0,15.0,1.998,411.939,0,119.526,132.984,13.166,90.795,40.0,
2026-08-12T17:13:05+0800,106.338,100.973,32.996,temp=51.5'C,throttled=0x0,15.0,1.998,346.891,0,120.291,132.984,13.196,90.38,40.0,
2026-08-12T17:13:06+0800,111.437,100.934,32.996,temp=52.1'C,throttled=0x0,15.0,1.998,314.942,0,120.291,132.984,13.152,90.854,40.0,
2026-08-12T17:13:07+0800,106.446,101.051,32.992,temp=51.5'C,throttled=0x0,15.0,1.998,395.475,0,119.526,132.984,13.135,90.854,40.0,
2026-08-12T17:13:08+0800,103.451,101.035,32.992,temp=51.5'C,throttled=0x0,15.0,1.998,379.908,0,119.526,132.984,13.144,90.854,40.0,
2026-08-12T17:13:09+0800,106.728,102.605,32.992,temp=51.5'C,throttled=0x0,15.0,1.998,362.636,0,119.526,132.984,13.15,90.795,40.0,
2026-08-12T17:13:10+0800,112.004,104.266,32.992,temp=52.1'C,throttled=0x0,15.0,1.998,401.117,0,119.526,132.984,13.188,88.857,40.0,
2026-08-12T17:13:11+0800,113.298,104.355,32.992,temp=51.5'C,throttled=0x0,15.0,1.998,424.181,0,113.186,132.984,13.171,88.857,40.0,
2026-08-12T17:13:12+0800,104.523,101.07,32.992,temp=52.1'C,throttled=0x0,15.0,1.998,7.297,0,116.031,132.984,13.141,90.38,40.0,
2026-08-12T17:13:13+0800,108.368,101.082,32.992,temp=51.5'C,throttled=0x0,15.0,1.998,8.741,0,116.031,132.984,13.121,90.566,40.0,
2026-08-12T17:13:14+0800,108.312,101.074,32.992,temp=52.1'C,throttled=0x0,15.0,1.999,33.208,0,116.031,132.984,13.117,90.566,40.0,
2026-08-12T17:13:15+0800,104.368,101.16,32.992,temp=52.1'C,throttled=0x0,15.0,1.998,12.243,0,116.031,132.984,13.129,90.795,40.0,
2026-08-12T17:13:16+0800,104.516,101.098,32.992,temp=52.1'C,throttled=0x0,15.0,1.998,20.776,0,116.031,132.984,13.093,91.026,40.0,
2026-08-12T17:13:17+0800,102.582,101.172,32.992,temp=51.5'C,throttled=0x0,15.0,1.998,60.362,0,116.031,132.984,13.091,90.795,40.0,
2026-08-12T17:13:18+0800,103.476,101.074,32.992,temp=52.1'C,throttled=0x0,15.0,1.999,40.968,0,116.031,132.984,13.094,90.795,40.0,
2026-08-12T17:13:19+0800,103.34,101.062,32.992,temp=51.5'C,throttled=0x0,15.0,1.998,92.179,0,116.031,129.127,13.097,90.566,40.0,
2026-08-12T17:13:20+0800,101.515,101.25,32.992,temp=52.1'C,throttled=0x0,15.0,1.998,65.359,0,116.031,129.127,13.11,90.286,40.0,
2026-08-12T17:13:21+0800,108.464,101.191,32.992,temp=52.1'C,throttled=0x0,15.0,1.998,95.614,0,116.031,129.127,13.094,90.286,40.0,
2026-08-12T17:13:22+0800,103.561,101.035,32.992,temp=52.1'C,throttled=0x0,15.0,1.998,109.412,0,116.031,129.127,13.091,90.218,40.0,
2026-08-12T17:13:23+0800,103.461,101.016,32.992,temp=51.5'C,throttled=0x0,15.0,1.998,148.68,0,116.031,129.127,13.108,90.073,40.0,
2026-08-12T17:13:24+0800,106.684,101.098,32.992,temp=51.5'C,throttled=0x0,15.0,1.998,417.882,0,116.031,129.127,13.098,90.218,40.0,
2026-08-12T17:13:25+0800,108.964,101.078,32.988,temp=52.6'C,throttled=0x0,15.0,1.998,175.589,0,114.847,129.127,13.105,90.218,40.0,
2026-08-12T17:13:26+0800,103.492,101.152,32.988,temp=52.1'C,throttled=0x0,15.0,1.998,180.331,0,114.847,129.127,13.113,90.286,40.0,
2026-08-12T17:13:27+0800,102.478,101.043,32.988,temp=52.1'C,throttled=0x0,15.0,1.998,155.277,0,114.847,129.127,13.12,90.286,40.0,
2026-08-12T17:13:29+0800,103.138,101.043,32.988,temp=52.1'C,throttled=0x0,15.0,1.998,191.52,0,114.847,129.127,13.127,90.286,40.0,
2026-08-12T17:13:30+0800,102.548,101.059,32.988,temp=51.5'C,throttled=0x0,15.0,1.998,424.033,0,114.847,129.127,13.116,90.286,40.0,
2026-08-12T17:13:31+0800,102.465,101.043,32.988,temp=51.5'C,throttled=0x0,15.0,1.998,226.164,0,113.186,129.127,13.143,90.218,40.0,
2026-08-12T17:13:32+0800,102.481,101.199,32.988,temp=52.6'C,throttled=0x0,15.0,1.998,210.412,0,113.186,129.127,13.153,90.175,40.0,
2026-08-12T17:13:33+0800,104.043,101.074,32.988,temp=51.5'C,throttled=0x0,15.0,1.998,297.664,0,113.186,129.127,13.149,90.175,40.0,
2026-08-12T17:13:34+0800,101.54,101.094,32.988,temp=51.5'C,throttled=0x0,15.0,1.998,275.134,0,113.186,129.127,13.178,90.046,40.0,
2026-08-12T17:13:35+0800,103.25,101.105,32.988,temp=52.1'C,throttled=0x0,15.0,1.998,449.202,0,113.186,129.127,13.179,90.046,40.0,
2026-08-12T17:13:36+0800,103.487,101.266,32.988,temp=51.5'C,throttled=0x0,15.0,1.998,449.202,0,113.186,129.127,13.212,89.884,40.0,
2026-08-12T17:13:37+0800,106.798,101.172,32.988,temp=52.1'C,throttled=0x0,15.0,1.998,449.202,0,113.186,129.127,13.177,89.937,40.0,
2026-08-12T17:13:38+0800,105.887,101.254,32.988,temp=52.1'C,throttled=0x0,15.0,1.998,449.202,0,113.186,129.127,13.195,89.937,40.0,
2026-08-12T17:13:39+0800,106.349,101.195,32.988,temp=52.1'C,throttled=0x0,15.0,1.999,449.202,0,113.186,129.127,13.214,90.046,40.0,
2026-08-12T17:13:40+0800,108.216,101.254,32.988,temp=52.1'C,throttled=0x0,15.0,1.998,449.202,0,113.186,129.127,13.214,90.046,40.0,
2026-08-12T17:13:41+0800,114.999,104.363,32.988,temp=51.5'C,throttled=0x0,15.0,1.998,449.202,0,113.186,129.127,13.22,90.046,40.0,
2026-08-12T17:13:42+0800,117.029,104.492,32.988,temp=52.1'C,throttled=0x0,15.0,1.998,449.202,0,113.186,129.127,13.232,90.175,40.0,
2026-08-12T17:13:43+0800,115.804,101.137,32.988,temp=51.5'C,throttled=0x0,15.0,1.998,449.202,0,113.186,129.127,13.209,90.921,40.0,
2026-08-12T17:13:44+0800,107.384,101.316,32.988,temp=52.1'C,throttled=0x0,15.0,1.998,449.202,0,113.186,129.127,13.223,90.921,40.0,
2026-08-12T17:13:45+0800,108.226,101.148,32.988,temp=52.6'C,throttled=0x0,15.0,1.998,449.202,0,113.186,129.127,13.277,90.475,40.0,
2026-08-12T17:13:46+0800,110.364,101.297,32.988,temp=52.6'C,throttled=0x0,15.0,1.998,449.202,0,113.186,129.127,13.292,90.475,40.0,
2026-08-12T17:13:47+0800,112.179,101.328,32.988,temp=52.6'C,throttled=0x0,15.0,1.998,449.202,0,113.186,129.127,13.262,90.921,40.0,
2026-08-12T17:13:48+0800,107.254,101.25,32.988,temp=52.1'C,throttled=0x0,15.0,1.998,449.202,0,113.186,129.127,13.263,91.917,40.0,
2026-08-12T17:13:49+0800,110.064,101.328,32.988,temp=52.1'C,throttled=0x0,15.0,1.998,449.202,0,113.186,129.127,13.267,91.936,40.0,
2026-08-12T17:13:50+0800,108.243,101.152,32.988,temp=52.6'C,throttled=0x0,15.0,1.998,449.202,0,113.186,129.127,13.245,92.925,40.0,
2026-08-12T17:13:51+0800,108.405,101.145,32.988,temp=52.6'C,throttled=0x0,15.0,1.998,449.202,0,113.186,129.127,13.272,93.239,40.0,
2026-08-12T17:13:52+0800,103.412,101.281,32.988,temp=52.1'C,throttled=0x0,15.0,1.999,449.202,0,113.186,129.127,13.298,92.925,40.0,
2026-08-12T17:13:53+0800,110.98,101.113,32.988,temp=52.6'C,throttled=0x0,15.0,1.999,449.202,0,113.186,129.127,13.292,93.239,40.0,
2026-08-12T17:13:54+0800,99.529,101.145,32.984,temp=52.1'C,throttled=0x0,15.0,1.999,164.508,0,113.186,129.127,13.337,92.925,40.0,
2026-08-12T17:13:55+0800,104.543,101.32,32.984,temp=52.1'C,throttled=0x0,15.0,1.998,161.568,0,113.186,129.127,13.312,93.239,40.0,
2026-08-12T17:13:56+0800,107.039,101.258,32.984,temp=52.6'C,throttled=0x0,15.0,1.999,168.218,0,113.186,129.127,13.335,92.925,40.0,
2026-08-12T17:13:57+0800,104.479,101.332,32.984,temp=52.6'C,throttled=0x0,15.0,1.998,233.502,0,113.186,129.127,13.308,93.239,40.0,
2026-08-12T17:13:58+0800,113.597,101.184,32.965,temp=52.6'C,throttled=0x0,15.0,1.998,195.301,0,113.186,129.127,13.234,93.864,40.0,
2026-08-12T17:13:59+0800,104.505,101.215,32.965,temp=51.5'C,throttled=0x0,15.0,1.998,251.386,0,113.186,129.127,13.229,93.864,40.0,
2026-08-12T17:14:00+0800,103.269,101.293,32.965,temp=52.1'C,throttled=0x0,15.0,1.998,228.751,0,113.186,129.127,13.229,93.239,40.0,
2026-08-12T17:14:01+0800,104.24,101.234,32.965,temp=52.1'C,throttled=0x0,15.0,1.998,289.01,0,113.186,129.127,13.22,93.239,40.0,
2026-08-12T17:14:02+0800,103.457,101.344,32.965,temp=52.6'C,throttled=0x0,15.0,1.998,262.621,0,113.186,129.127,13.24,91.924,40.0,
2026-08-12T17:14:03+0800,103.517,101.266,32.965,temp=51.5'C,throttled=0x0,15.0,1.998,264.039,0,113.186,129.127,13.219,91.924,40.0,
2026-08-12T17:14:04+0800,102.527,101.25,32.965,temp=52.1'C,throttled=0x0,15.0,1.998,297.149,0,113.186,129.127,13.218,91.924,40.0,
2026-08-12T17:14:05+0800,102.477,101.273,32.965,temp=52.1'C,throttled=0x0,15.0,1.998,353.609,0,113.186,129.127,13.219,91.917,40.0,
2026-08-12T17:14:06+0800,103.063,101.203,32.965,temp=52.1'C,throttled=0x0,15.0,1.998,326.116,0,113.186,129.127,13.249,89.259,40.0,
2026-08-12T17:14:07+0800,101.509,101.34,32.965,temp=52.1'C,throttled=0x0,15.0,1.999,373.246,0,113.186,129.127,13.248,89.259,40.0,
2026-08-12T17:14:08+0800,103.52,101.281,32.965,temp=52.1'C,throttled=0x0,15.0,1.998,371.484,0,113.186,129.127,13.229,90.4,40.0,
2026-08-12T17:14:09+0800,102.478,101.363,32.965,temp=51.5'C,throttled=0x0,15.0,1.998,347.288,0,113.186,129.127,13.25,89.209,40.0,
2026-08-12T17:14:10+0800,103.788,103.414,32.965,temp=52.6'C,throttled=0x0,15.0,1.999,401.919,0,113.186,129.127,13.239,89.209,40.0,
2026-08-12T17:14:11+0800,112.256,104.66,32.965,temp=52.1'C,throttled=0x0,15.0,1.998,462.203,0,113.186,129.127,13.214,89.529,40.0,
2026-08-12T17:14:12+0800,114.917,101.445,32.965,temp=52.6'C,throttled=0x0,15.0,1.998,427.803,0,113.186,129.127,13.224,89.209,40.0,
2026-08-12T17:14:13+0800,112.851,101.508,32.965,temp=52.1'C,throttled=0x0,15.0,1.998,9.88,0,113.186,129.127,13.123,91.522,40.0,
2026-08-12T17:14:14+0800,109.326,101.383,32.965,temp=52.1'C,throttled=0x0,15.0,1.998,446.471,0,113.186,129.127,13.104,91.522,40.0,
2026-08-12T17:14:15+0800,107.389,101.371,32.965,temp=52.1'C,throttled=0x0,15.0,1.998,477.377,0,113.186,129.127,13.09,93.859,40.0,
2026-08-12T17:14:16+0800,108.108,101.375,32.965,temp=52.6'C,throttled=0x0,15.0,1.999,5.512,0,113.186,129.127,13.055,93.868,40.0,
2026-08-12T17:14:17+0800,105.433,101.418,32.965,temp=52.6'C,throttled=0x0,15.0,1.998,24.169,0,113.186,129.127,13.075,93.868,40.0,
2026-08-12T17:14:18+0800,108.43,101.504,32.965,temp=52.6'C,throttled=0x0,15.0,1.999,39.216,0,113.186,129.127,13.056,93.868,40.0,
2026-08-12T17:14:19+0800,103.467,101.488,32.965,temp=52.6'C,throttled=0x0,15.0,1.998,105.978,0,113.186,129.127,13.059,93.868,40.0,
2026-08-12T17:14:20+0800,109.154,101.398,32.965,temp=52.6'C,throttled=0x0,15.0,1.999,37.697,0,113.186,129.127,13.028,94.219,40.0,
2026-08-12T17:14:21+0800,107.385,101.516,32.965,temp=52.6'C,throttled=0x0,15.0,1.999,121.039,0,113.186,129.127,13.022,94.219,40.0,
2026-08-12T17:14:22+0800,106.497,101.516,32.965,temp=53.2'C,throttled=0x0,15.0,1.998,106.388,0,113.186,129.127,13.016,93.868,40.0,
2026-08-12T17:14:23+0800,114.241,101.449,32.965,temp=52.6'C,throttled=0x0,15.0,1.998,153.608,0,113.186,129.127,12.964,94.239,40.0,
2026-08-12T17:14:24+0800,111.348,101.598,32.965,temp=52.6'C,throttled=0x0,15.0,1.998,114.566,0,113.186,129.127,12.927,94.484,40.0,
2026-08-12T17:14:26+0800,110.378,101.379,32.965,temp=53.2'C,throttled=0x0,15.0,1.998,136.709,0,113.186,129.127,12.895,94.484,40.0,
2026-08-12T17:14:27+0800,110.374,101.523,32.965,temp=53.7'C,throttled=0x0,15.0,1.998,160.126,0,113.186,129.127,12.863,95.44,40.0,
2026-08-12T17:14:28+0800,103.388,101.457,32.965,temp=53.2'C,throttled=0x0,15.0,1.999,168.802,0,113.186,129.127,12.863,95.44,40.0,
2026-08-12T17:14:29+0800,105.436,101.625,32.965,temp=52.6'C,throttled=0x0,15.0,1.998,169.677,0,113.186,129.127,12.841,95.44,40.0,
2026-08-12T17:14:30+0800,108.24,101.457,32.965,temp=53.7'C,throttled=0x0,15.0,1.998,188.031,0,113.186,129.127,12.813,95.44,40.0,
2026-08-12T17:14:31+0800,105.485,101.379,32.965,temp=53.2'C,throttled=0x0,15.0,1.998,231.279,0,113.186,129.127,12.817,94.619,40.0,
2026-08-12T17:14:32+0800,104.459,101.531,32.965,temp=52.6'C,throttled=0x0,15.0,1.999,423.239,0,113.186,129.127,12.812,94.619,40.0,
2026-08-12T17:14:33+0800,101.415,101.531,32.965,temp=52.6'C,throttled=0x0,15.0,1.999,423.239,0,113.186,129.127,12.849,94.484,40.0,
2026-08-12T17:14:34+0800,104.463,101.426,32.965,temp=52.6'C,throttled=0x0,15.0,1.998,423.239,0,113.186,129.127,12.868,94.484,40.0,
2026-08-12T17:14:35+0800,101.474,101.414,32.965,temp=52.6'C,throttled=0x0,15.0,1.999,295.403,0,113.186,129.127,12.93,93.241,40.0,
2026-08-12T17:14:36+0800,105.45,101.426,32.965,temp=52.6'C,throttled=0x0,15.0,1.999,281.394,0,113.186,129.127,12.958,92.998,40.0,
2026-08-12T17:14:37+0800,107.585,101.488,32.965,temp=53.2'C,throttled=0x0,15.0,1.998,341.443,0,113.186,129.127,12.979,92.572,40.0,
2026-08-12T17:14:38+0800,112.353,101.398,32.965,temp=52.6'C,throttled=0x0,15.0,1.998,311.651,0,113.186,129.127,12.963,92.066,40.0,
2026-08-12T17:14:39+0800,108.408,101.457,32.965,temp=52.6'C,throttled=0x0,15.0,1.998,317.667,0,113.186,129.127,12.948,93.241,40.0,
2026-08-12T17:14:40+0800,111.441,101.473,32.965,temp=52.6'C,throttled=0x0,15.0,1.998,336.614,0,113.186,129.127,12.944,92.775,40.0,
2026-08-12T17:14:41+0800,106.247,101.652,32.965,temp=52.6'C,throttled=0x0,15.0,1.999,352.519,0,113.186,129.127,12.943,93.241,40.0,
2026-08-12T17:14:42+0800,108.832,104.707,32.965,temp=53.2'C,throttled=0x0,15.0,1.999,404.721,0,113.186,129.127,12.956,93.498,40.0,
2026-08-12T17:14:43+0800,112.264,104.664,32.965,temp=52.6'C,throttled=0x0,15.0,1.999,458.488,0,113.186,129.127,12.988,93.241,40.0,
2026-08-12T17:14:44+0800,104.796,101.602,32.965,temp=52.6'C,throttled=0x0,15.0,1.999,471.347,0,113.186,129.127,13.008,92.477,40.0,
2026-08-12T17:14:45+0800,105.494,101.652,32.965,temp=53.2'C,throttled=0x0,15.0,1.998,471.347,0,113.186,129.127,13.019,92.477,40.0,
2026-08-12T17:14:46+0800,102.397,101.652,32.965,temp=52.6'C,throttled=0x0,15.0,1.999,471.347,0,113.186,129.127,13.054,92.066,40.0,
2026-08-12T17:14:47+0800,110.908,101.652,32.965,temp=52.6'C,throttled=0x0,15.0,1.999,471.347,0,113.186,129.127,13.044,91.943,40.0,
2026-08-12T17:14:48+0800,101.239,101.699,32.965,temp=53.7'C,throttled=0x0,15.0,1.998,471.347,0,113.186,129.127,13.122,91.601,40.0,
2026-08-12T17:14:49+0800,111.442,101.57,32.965,temp=52.6'C,throttled=0x0,15.0,1.998,471.347,0,113.186,129.127,13.139,91.943,40.0,
2026-08-12T17:14:50+0800,109.337,101.578,32.965,temp=53.7'C,throttled=0x0,15.0,1.999,471.347,0,113.186,129.127,13.133,91.943,40.0,
2026-08-12T17:14:51+0800,111.272,101.629,32.965,temp=52.6'C,throttled=0x0,15.0,1.998,471.347,0,113.186,129.127,13.147,91.943,40.0,
2026-08-12T17:14:52+0800,106.272,101.641,32.965,temp=53.7'C,throttled=0x0,15.0,1.999,471.347,0,113.186,129.127,13.16,91.943,40.0,
2026-08-12T17:14:53+0800,102.264,101.742,32.965,temp=52.6'C,throttled=0x0,15.0,1.998,471.347,0,113.186,129.127,13.216,91.222,40.0,
2026-08-12T17:14:54+0800,103.475,101.758,32.965,temp=53.7'C,throttled=0x0,15.0,1.998,471.347,0,113.186,129.127,13.216,91.475,40.0,
2026-08-12T17:14:55+0800,103.341,101.688,32.965,temp=53.2'C,throttled=0x0,15.0,1.999,471.347,0,113.186,129.127,13.263,91.475,40.0,
2026-08-12T17:14:56+0800,102.396,101.754,32.965,temp=53.2'C,throttled=0x0,15.0,1.999,471.347,0,113.186,129.127,13.325,91.222,40.0,
2026-08-12T17:14:57+0800,107.253,101.758,32.965,temp=52.6'C,throttled=0x0,15.0,1.998,471.347,0,113.186,129.127,13.384,90.208,40.0,
2026-08-12T17:14:58+0800,103.178,101.738,32.965,temp=53.7'C,throttled=0x0,15.0,1.998,471.347,0,113.186,129.127,13.445,90.157,40.0,
2026-08-12T17:14:59+0800,103.305,101.75,32.965,temp=53.2'C,throttled=0x0,15.0,1.999,471.347,0,113.186,129.127,13.482,90.01,40.0,
2026-08-12T17:15:00+0800,107.292,101.621,32.965,temp=53.2'C,throttled=0x0,15.0,1.999,471.347,0,113.186,129.127,13.51,89.116,40.0,
2026-08-12T17:15:01+0800,104.465,101.719,32.965,temp=53.7'C,throttled=0x0,15.0,1.998,471.347,0,113.186,129.127,13.529,88.719,40.0,
2026-08-12T17:15:02+0800,101.371,101.652,32.965,temp=53.2'C,throttled=0x0,15.0,1.999,471.347,0,113.186,129.127,13.565,88.719,40.0,
2026-08-12T17:15:03+0800,109.282,101.684,32.965,temp=53.7'C,throttled=0x0,15.0,1.999,471.347,0,113.186,129.127,13.637,88.287,40.0,
2026-08-12T17:15:04+0800,107.239,101.773,32.965,temp=53.7'C,throttled=0x0,15.0,1.998,471.347,0,113.186,129.127,13.624,88.287,40.0,
2026-08-12T17:15:05+0800,108.111,101.762,32.965,temp=53.7'C,throttled=0x0,15.0,1.998,471.347,0,113.186,129.127,13.633,88.129,40.0,
2026-08-12T17:15:06+0800,109.205,101.742,32.965,temp=53.7'C,throttled=0x0,15.0,1.998,471.347,0,113.186,129.127,13.64,88.129,40.0,
2026-08-12T17:15:07+0800,101.4,101.543,32.965,temp=53.2'C,throttled=0x0,15.0,1.999,328.416,0,112.852,129.127,13.618,88.129,40.0,
2026-08-12T17:15:08+0800,105.277,101.816,32.965,temp=53.7'C,throttled=0x0,15.0,1.998,308.095,0,112.852,129.127,13.619,88.287,40.0,
2026-08-12T17:15:09+0800,110.843,101.707,32.965,temp=53.7'C,throttled=0x0,15.0,1.998,310.627,0,112.852,129.127,13.619,88.129,40.0,
2026-08-12T17:15:10+0800,114.139,101.773,32.965,temp=53.2'C,throttled=0x0,15.0,1.998,366.781,0,112.852,129.127,13.543,88.515,40.0,
2026-08-12T17:15:11+0800,114.21,103.633,32.965,temp=53.7'C,throttled=0x0,15.0,1.998,413.233,0,112.852,129.127,13.467,88.719,40.0,
2026-08-12T17:15:12+0800,119.579,105.055,32.965,temp=54.2'C,throttled=0x0,15.0,1.999,440.936,0,112.852,129.127,13.408,90.165,40.0,
2026-08-12T17:15:13+0800,120.234,101.73,32.965,temp=53.7'C,throttled=0x0,15.0,1.999,490.235,0,112.852,129.127,13.327,90.392,40.0,
2026-08-12T17:15:14+0800,116.231,101.781,32.965,temp=53.7'C,throttled=0x0,15.0,1.999,443.272,0,112.852,129.127,13.257,90.86,40.0,
2026-08-12T17:15:15+0800,112.049,101.68,32.965,temp=54.2'C,throttled=0x0,15.0,1.998,513.629,0,112.852,129.127,13.167,93.185,40.0,
2026-08-12T17:15:16+0800,112.127,101.707,32.965,temp=53.7'C,throttled=0x0,15.0,1.998,13.433,0,112.852,129.127,13.131,93.41,40.0,
2026-08-12T17:15:17+0800,113.269,101.84,32.965,temp=53.7'C,throttled=0x0,15.0,1.998,0.609,0,112.852,129.127,13.043,94.221,40.0,
2026-08-12T17:15:18+0800,113.293,101.836,32.965,temp=53.7'C,throttled=0x0,15.0,1.998,37.881,0,112.852,129.127,12.963,94.471,40.0,
2026-08-12T17:15:19+0800,112.276,101.793,32.965,temp=53.7'C,throttled=0x0,15.0,1.998,71.935,0,112.852,129.127,12.931,94.588,40.0,
2026-08-12T17:15:20+0800,113.629,101.656,32.965,temp=53.7'C,throttled=0x0,15.0,1.998,94.437,0,112.852,129.127,12.892,94.949,40.0,
2026-08-12T17:15:21+0800,111.361,101.812,32.965,temp=53.7'C,throttled=0x0,15.0,1.998,68.291,0,112.852,129.127,12.821,95.212,40.0,
2026-08-12T17:15:23+0800,111.328,101.777,32.965,temp=53.7'C,throttled=0x0,15.0,1.999,461.371,0,112.852,129.127,12.775,95.212,40.0,
2026-08-12T17:15:24+0800,112.037,101.664,32.961,temp=54.2'C,throttled=0x0,15.0,1.998,141.25,0,113.186,132.984,12.712,96.684,40.0,
2026-08-12T17:15:25+0800,112.15,101.82,32.961,temp=53.7'C,throttled=0x0,15.0,1.998,184.945,0,113.186,132.984,12.681,96.765,40.0,
2026-08-12T17:15:26+0800,115.104,101.852,32.961,temp=53.7'C,throttled=0x0,15.0,1.998,167.438,0,113.186,132.984,12.612,96.95,40.0,
2026-08-12T17:15:27+0800,110.413,101.895,32.961,temp=53.7'C,throttled=0x0,15.0,1.998,142.753,0,113.186,132.984,12.57,97.965,40.0,
2026-08-12T17:15:28+0800,113.244,101.836,32.961,temp=54.2'C,throttled=0x0,15.0,1.998,205.359,0,113.186,132.984,12.508,98.014,40.0,
2026-08-12T17:15:29+0800,110.236,101.836,32.961,temp=53.7'C,throttled=0x0,15.0,1.999,236.834,0,113.186,132.984,12.48,98.014,40.0,
2026-08-12T17:15:30+0800,111.063,101.727,32.961,temp=53.7'C,throttled=0x0,15.0,1.998,250.77,0,113.186,132.984,12.471,97.965,40.0,
2026-08-12T17:15:31+0800,113.286,101.793,32.961,temp=53.7'C,throttled=0x0,15.0,1.999,219.565,0,113.186,132.984,12.477,97.305,40.0,
2026-08-12T17:15:32+0800,115.199,101.77,32.961,temp=54.2'C,throttled=0x0,15.0,1.999,271.216,0,113.186,132.984,12.47,97.965,40.0,
2026-08-12T17:15:33+0800,108.828,101.648,32.961,temp=53.7'C,throttled=0x0,15.0,1.999,306.055,0,113.186,132.984,12.469,97.965,40.0,
2026-08-12T17:15:34+0800,113.25,101.723,32.961,temp=53.7'C,throttled=0x0,15.0,1.998,255.594,0,113.186,132.984,12.468,97.305,40.0,
2026-08-12T17:15:35+0800,111.196,101.77,32.961,temp=53.7'C,throttled=0x0,15.0,1.998,300.442,0,113.186,132.984,12.467,97.305,40.0,
2026-08-12T17:15:36+0800,115.173,101.734,32.961,temp=53.7'C,throttled=0x0,15.0,1.998,290.937,0,113.186,132.984,12.456,96.781,40.0,
2026-08-12T17:15:37+0800,112.384,101.852,32.961,temp=53.7'C,throttled=0x0,15.0,1.999,326.018,0,113.186,132.984,12.456,96.771,40.0,
2026-08-12T17:15:38+0800,105.295,101.863,32.961,temp=53.7'C,throttled=0x0,15.0,1.999,324.786,0,113.186,132.984,12.488,96.771,40.0,
2026-08-12T17:15:39+0800,108.367,101.781,32.961,temp=53.7'C,throttled=0x0,15.0,1.999,350.896,0,113.186,132.984,12.496,96.771,40.0,
2026-08-12T17:15:40+0800,109.167,102.285,32.961,temp=53.7'C,throttled=0x0,15.0,1.999,381.372,0,113.186,132.984,12.501,96.781,40.0,
2026-08-12T17:15:41+0800,120.894,104.977,32.961,temp=53.7'C,throttled=0x0,15.0,1.998,424.663,0,113.186,132.984,12.494,96.781,40.0,
2026-08-12T17:15:42+0800,116.783,104.891,32.961,temp=53.7'C,throttled=0x0,15.0,1.999,404.472,0,113.186,132.984,12.473,97.504,40.0,
2026-08-12T17:15:43+0800,119.435,101.828,32.961,temp=54.8'C,throttled=0x0,15.0,1.999,434.834,0,113.186,132.984,12.471,97.504,40.0,
2026-08-12T17:15:44+0800,113.324,101.852,32.961,temp=53.7'C,throttled=0x0,15.0,1.999,475.523,0,113.186,132.984,12.481,97.504,40.0,
2026-08-12T17:15:45+0800,111.844,101.805,32.961,temp=53.7'C,throttled=0x0,15.0,1.999,31.006,0,113.186,132.984,12.479,97.504,40.0,
2026-08-12T17:15:46+0800,114.147,101.832,32.961,temp=53.7'C,throttled=0x0,15.0,1.999,23.232,0,113.186,132.984,12.484,96.771,40.0,
2026-08-12T17:15:47+0800,113.135,101.82,32.961,temp=53.7'C,throttled=0x0,15.0,1.999,51.63,0,113.186,132.984,12.488,96.695,40.0,
2026-08-12T17:15:48+0800,113.323,101.738,32.961,temp=53.7'C,throttled=0x0,15.0,1.999,19.819,0,113.186,132.984,12.501,96.695,40.0,
2026-08-12T17:15:49+0800,113.395,101.859,32.961,temp=53.7'C,throttled=0x0,15.0,1.999,62.421,0,113.186,132.984,12.492,96.695,40.0,
2026-08-12T17:15:50+0800,112.874,101.777,32.961,temp=53.7'C,throttled=0x0,15.0,1.999,93.889,0,113.186,132.984,12.482,96.771,40.0,
2026-08-12T17:15:51+0800,117.259,101.789,32.961,temp=54.2'C,throttled=0x0,15.0,1.999,102.048,0,113.186,132.984,12.456,97.418,40.0,
2026-08-12T17:15:52+0800,111.949,101.816,32.961,temp=53.7'C,throttled=0x0,15.0,1.999,471.696,0,113.186,132.984,12.469,97.418,40.0,
2026-08-12T17:15:53+0800,115.114,101.785,32.961,temp=53.7'C,throttled=0x0,15.0,1.998,471.696,0,113.186,132.984,12.459,97.504,40.0,
2026-08-12T17:15:54+0800,113.042,101.695,32.961,temp=54.8'C,throttled=0x0,15.0,1.999,134.15,0,112.852,132.984,12.46,97.418,40.0,
2026-08-12T17:15:55+0800,112.257,101.82,32.961,temp=53.7'C,throttled=0x0,15.0,1.999,438.606,0,112.852,132.984,12.448,97.097,40.0,
2026-08-12T17:15:56+0800,111.275,101.828,32.961,temp=54.2'C,throttled=0x0,15.0,1.999,157.483,0,109.051,132.984,12.472,97.418,40.0,
2026-08-12T17:15:57+0800,113.774,101.723,32.961,temp=53.7'C,throttled=0x0,15.0,1.998,174.169,0,109.051,132.984,12.476,97.504,40.0,
2026-08-12T17:15:58+0800,110.991,101.758,32.961,temp=53.7'C,throttled=0x0,15.0,1.999,224.528,0,109.051,132.984,12.446,97.811,40.0,
2026-08-12T17:15:59+0800,109.356,101.695,32.961,temp=53.7'C,throttled=0x0,15.0,1.998,182.195,0,109.051,132.984,12.441,97.811,40.0,
2026-08-12T17:16:00+0800,113.274,101.879,32.961,temp=53.7'C,throttled=0x0,15.0,1.999,209.13,0,109.051,132.984,12.434,97.418,40.0,
2026-08-12T17:16:01+0800,112.161,101.711,32.961,temp=53.7'C,throttled=0x0,15.0,1.998,214.336,0,109.051,132.984,12.417,98.606,40.0,
2026-08-12T17:16:02+0800,112.908,101.859,32.961,temp=53.7'C,throttled=0x0,15.0,1.998,248.874,0,109.051,132.984,12.43,97.811,40.0,
2026-08-12T17:16:03+0800,109.284,101.781,32.961,temp=54.2'C,throttled=0x0,15.0,1.998,276.523,0,109.051,132.984,12.43,97.677,40.0,
2026-08-12T17:16:04+0800,110.379,101.82,32.961,temp=54.2'C,throttled=0x0,15.0,1.999,330.784,0,109.051,132.984,12.417,97.677,40.0,
2026-08-12T17:16:05+0800,113.174,101.82,32.961,temp=54.2'C,throttled=0x0,15.0,1.999,408.427,0,109.051,132.984,12.405,97.811,40.0,
2026-08-12T17:16:06+0800,116.078,101.73,32.961,temp=54.2'C,throttled=0x0,15.0,1.998,327.908,0,112.852,132.984,12.438,97.811,40.0,
2026-08-12T17:16:07+0800,112.391,101.836,32.961,temp=54.2'C,throttled=0x0,15.0,1.999,392.029,0,112.852,132.984,12.422,98.606,40.0,
2026-08-12T17:16:08+0800,112.377,101.727,32.961,temp=53.7'C,throttled=0x0,15.0,1.999,392.029,0,112.852,132.984,12.431,97.811,40.0,
2026-08-12T17:16:09+0800,111.235,101.812,32.961,temp=54.8'C,throttled=0x0,15.0,1.999,392.029,0,112.852,132.984,12.438,98.606,40.0,
2026-08-12T17:16:10+0800,105.635,103.555,32.961,temp=53.7'C,throttled=0x0,15.0,1.999,392.029,0,112.852,132.984,12.481,99.02,40.0,
2026-08-12T17:16:11+0800,111.622,105.043,32.961,temp=53.7'C,throttled=0x0,15.0,1.999,392.029,0,112.852,132.984,12.578,97.811,40.0,
2026-08-12T17:16:12+0800,113.45,101.785,32.961,temp=53.7'C,throttled=0x0,15.0,1.999,392.029,0,112.852,132.984,12.632,97.677,40.0,
2026-08-12T17:16:13+0800,105.482,101.824,32.961,temp=54.8'C,throttled=0x0,15.0,1.999,392.029,0,112.852,132.984,12.675,97.677,40.0,
2026-08-12T17:16:14+0800,111.429,101.887,32.961,temp=53.7'C,throttled=0x0,15.0,1.998,392.029,0,112.852,132.984,12.711,97.677,40.0,
2026-08-12T17:16:15+0800,109.333,101.684,32.961,temp=54.2'C,throttled=0x0,15.0,1.998,392.029,0,112.852,132.984,12.76,97.811,40.0,
2026-08-12T17:16:16+0800,112.257,101.781,32.961,temp=54.8'C,throttled=0x0,15.0,1.998,392.029,0,112.852,132.984,12.775,97.677,40.0,
2026-08-12T17:16:17+0800,108.31,101.867,32.961,temp=53.7'C,throttled=0x0,15.0,1.998,392.029,0,112.852,132.984,12.827,97.515,40.0,
2026-08-12T17:16:18+0800,107.356,101.758,32.961,temp=54.2'C,throttled=0x0,15.0,1.999,392.029,0,112.852,132.984,12.893,97.515,40.0,
2026-08-12T17:16:19+0800,113.318,101.887,32.961,temp=53.7'C,throttled=0x0,15.0,1.999,392.029,0,112.852,132.984,12.894,97.677,40.0,
2026-08-12T17:16:21+0800,109.299,101.785,32.961,temp=53.7'C,throttled=0x0,15.0,1.999,392.029,0,112.852,132.984,12.955,97.515,40.0,
2026-08-12T17:16:22+0800,113.265,101.965,32.961,temp=54.8'C,throttled=0x0,15.0,1.998,392.029,0,112.852,132.984,12.992,97.356,40.0,
2026-08-12T17:16:23+0800,109.397,101.773,32.961,temp=53.7'C,throttled=0x0,15.0,1.998,392.029,0,112.852,132.984,13.013,96.241,40.0,
2026-08-12T17:16:24+0800,111.28,101.84,32.961,temp=54.2'C,throttled=0x0,15.0,1.998,392.029,0,112.852,132.984,13.045,95.579,40.0,
2026-08-12T17:16:25+0800,109.75,101.801,32.961,temp=53.7'C,throttled=0x0,15.0,1.998,114.649,0,113.186,133.337,13.078,95.294,40.0,
2026-08-12T17:16:26+0800,115.325,101.777,32.961,temp=54.8'C,throttled=0x0,15.0,1.998,162.313,0,113.186,133.337,13.078,95.579,40.0,
2026-08-12T17:16:27+0800,112.379,101.805,32.961,temp=54.2'C,throttled=0x0,15.0,1.998,112.482,0,112.852,133.337,13.079,95.313,40.0,
2026-08-12T17:16:28+0800,110.359,101.879,32.961,temp=54.2'C,throttled=0x0,15.0,1.998,156.339,0,112.852,133.337,13.088,95.313,40.0,
2026-08-12T17:16:29+0800,114.147,101.957,32.961,temp=53.7'C,throttled=0x0,15.0,1.998,208.709,0,112.852,133.337,13.082,95.294,40.0,
2026-08-12T17:16:30+0800,110.032,101.816,32.961,temp=54.2'C,throttled=0x0,15.0,1.998,166.918,0,112.852,133.337,13.05,95.313,40.0,
2026-08-12T17:16:31+0800,110.391,101.816,32.961,temp=53.7'C,throttled=0x0,15.0,1.998,204.088,0,112.852,133.337,12.983,95.313,40.0,
2026-08-12T17:16:32+0800,112.224,101.926,32.961,temp=53.7'C,throttled=0x0,15.0,1.998,198.779,0,112.852,133.337,12.904,97.356,40.0,
2026-08-12T17:16:33+0800,110.177,101.758,32.961,temp=53.7'C,throttled=0x0,15.0,1.998,223.29,0,112.852,133.337,12.852,97.543,40.0,
2026-08-12T17:16:34+0800,112.288,101.836,32.961,temp=53.7'C,throttled=0x0,15.0,1.999,246.808,0,112.852,133.337,12.826,97.356,40.0,
2026-08-12T17:16:35+0800,113.161,101.934,32.961,temp=54.8'C,throttled=0x0,15.0,1.998,302.229,0,112.852,133.337,12.769,98.159,40.0,
2026-08-12T17:16:36+0800,112.369,101.809,32.961,temp=53.7'C,throttled=0x0,15.0,1.998,264.956,0,112.852,133.337,12.751,98.159,40.0,
2026-08-12T17:16:37+0800,110.173,102.023,32.961,temp=53.7'C,throttled=0x0,15.0,1.998,296.751,0,112.852,133.337,12.725,98.159,40.0,
2026-08-12T17:16:38+0800,117.138,101.988,32.961,temp=54.8'C,throttled=0x0,15.0,1.998,293.688,0,112.852,133.337,12.666,98.21,40.0,
2026-08-12T17:16:39+0800,111.987,101.91,32.961,temp=54.2'C,throttled=0x0,15.0,1.998,327.423,0,112.852,133.337,12.609,98.21,40.0,
2026-08-12T17:16:40+0800,113.096,102.031,32.961,temp=54.2'C,throttled=0x0,15.0,1.998,376.096,0,112.852,133.337,12.593,98.21,40.0,
2026-08-12T17:16:41+0800,112.035,101.992,32.961,temp=53.7'C,throttled=0x0,15.0,1.998,338.595,0,112.852,133.337,12.548,98.233,40.0,
2026-08-12T17:16:42+0800,116.141,103.766,32.961,temp=54.8'C,throttled=0x0,15.0,1.998,413.396,0,112.852,133.337,12.52,98.667,40.0,
2026-08-12T17:16:43+0800,120.571,105.16,32.961,temp=54.2'C,throttled=0x0,15.0,1.998,376.564,0,113.186,141.178,12.482,98.667,40.0,
2026-08-12T17:16:44+0800,116.339,105.141,32.961,temp=54.8'C,throttled=0x0,15.0,1.998,430.268,0,113.186,141.178,12.443,98.501,40.0,
2026-08-12T17:16:45+0800,115.546,102.016,32.961,temp=53.7'C,throttled=0x0,15.0,1.999,408.257,0,113.186,141.178,12.405,98.667,40.0,
2026-08-12T17:16:46+0800,112.339,102.09,32.961,temp=54.2'C,throttled=0x0,15.0,1.999,469.664,0,113.186,141.178,12.402,98.667,40.0,
2026-08-12T17:16:47+0800,112.101,101.965,32.961,temp=53.7'C,throttled=0x0,15.0,1.999,15.945,0,113.186,141.178,12.393,100.494,40.0,
2026-08-12T17:16:48+0800,113.318,102.012,32.961,temp=54.8'C,throttled=0x0,15.0,1.998,14.224,0,113.186,141.178,12.377,100.494,40.0,
2026-08-12T17:16:49+0800,110.285,101.957,32.961,temp=54.2'C,throttled=0x0,15.0,1.998,41.652,0,113.186,141.178,12.385,100.822,40.0,
2026-08-12T17:16:50+0800,114.131,101.867,32.961,temp=54.2'C,throttled=0x0,15.0,1.998,63.396,0,113.186,141.178,12.383,100.822,40.0,
2026-08-12T17:16:51+0800,111.165,102.059,32.961,temp=53.7'C,throttled=0x0,15.0,1.998,26.876,0,114.847,142.651,12.382,100.494,40.0,
2026-08-12T17:16:52+0800,109.045,102.137,32.961,temp=53.7'C,throttled=0x0,15.0,1.998,54.121,0,114.847,142.651,12.404,100.494,40.0,
2026-08-12T17:16:53+0800,108.359,101.91,32.961,temp=54.2'C,throttled=0x0,15.0,1.998,67.228,0,114.847,142.651,12.435,100.494,40.0,
2026-08-12T17:16:54+0800,109.181,102.035,32.961,temp=54.2'C,throttled=0x0,15.0,1.999,84.175,0,114.847,142.651,12.444,100.494,40.0,
2026-08-12T17:16:55+0800,108.998,102.02,32.961,temp=54.2'C,throttled=0x0,15.0,1.998,108.126,0,114.847,142.651,12.46,100.494,40.0,
2026-08-12T17:16:56+0800,106.52,101.961,32.961,temp=54.2'C,throttled=0x0,15.0,1.998,171.881,0,114.847,142.651,12.492,98.501,40.0,
2026-08-12T17:16:57+0800,104.389,102.055,32.961,temp=53.7'C,throttled=0x0,15.0,1.998,417.6,0,114.847,142.651,12.519,100.494,40.0,
2026-08-12T17:16:58+0800,113.315,101.977,32.961,temp=54.2'C,throttled=0x0,15.0,1.999,149.236,0,114.847,144.018,12.529,98.501,40.0,
2026-08-12T17:16:59+0800,112.149,101.961,32.961,temp=54.2'C,throttled=0x0,15.0,1.998,167.913,0,114.847,144.018,12.531,100.494,40.0,
2026-08-12T17:17:00+0800,110.809,101.996,32.961,temp=54.8'C,throttled=0x0,15.0,1.999,204.244,0,114.847,144.018,12.538,98.501,40.0,
2026-08-12T17:17:01+0800,112.243,102.18,32.961,temp=54.8'C,throttled=0x0,15.0,1.998,182.013,0,114.847,144.018,12.52,98.501,40.0,
2026-08-12T17:17:02+0800,112.386,102.121,32.961,temp=54.8'C,throttled=0x0,15.0,1.998,234.288,0,114.847,144.018,12.525,97.603,40.0,
2026-08-12T17:17:03+0800,113.272,101.961,32.961,temp=54.2'C,throttled=0x0,15.0,1.998,281.772,0,114.847,144.018,12.54,97.603,40.0,
2026-08-12T17:17:04+0800,113.208,102.07,32.961,temp=54.2'C,throttled=0x0,15.0,1.999,259.962,0,114.847,144.018,12.538,98.489,40.0,
2026-08-12T17:17:05+0800,111.891,97.949,32.961,temp=54.8'C,throttled=0x0,15.0,1.998,298.977,0,114.847,144.018,12.545,99.5,40.0,
2026-08-12T17:17:06+0800,112.336,97.996,32.961,temp=54.8'C,throttled=0x0,15.0,1.998,267.211,0,114.847,144.018,12.549,97.614,40.0,
2026-08-12T17:17:07+0800,108.267,97.875,32.961,temp=54.2'C,throttled=0x0,15.0,1.999,287.712,0,114.847,144.018,12.562,97.614,40.0,
2026-08-12T17:17:08+0800,110.328,97.789,32.961,temp=54.2'C,throttled=0x0,15.0,1.998,305.021,0,114.847,144.018,12.607,97.603,40.0,
2026-08-12T17:17:09+0800,108.395,97.785,32.961,temp=53.7'C,throttled=0x0,15.0,1.998,314.711,0,114.847,144.018,12.616,97.492,40.0,
2026-08-12T17:17:10+0800,110.16,97.848,32.961,temp=54.2'C,throttled=0x0,15.0,1.998,450.532,0,114.847,144.018,12.621,97.492,40.0,
2026-08-12T17:17:11+0800,108.389,97.73,32.961,temp=54.2'C,throttled=0x0,15.0,1.998,492.699,0,113.186,144.018,12.628,97.603,40.0,
2026-08-12T17:17:12+0800,113.624,99.195,32.961,temp=53.7'C,throttled=0x0,15.0,1.998,492.699,0,113.186,144.018,12.626,97.614,40.0,
2026-08-12T17:17:13+0800,117.159,101.051,32.961,temp=54.2'C,throttled=0x0,15.0,1.998,492.699,0,113.186,144.018,12.613,97.614,40.0,
2026-08-12T17:17:14+0800,122.972,101.023,32.961,temp=53.7'C,throttled=0x0,15.0,1.998,492.699,0,113.186,144.018,12.641,98.283,40.0,
2026-08-12T17:17:15+0800,111.465,97.801,32.961,temp=53.7'C,throttled=0x0,15.0,1.998,492.699,0,113.186,144.018,12.675,98.283,40.0,
2026-08-12T17:17:16+0800,109.25,97.809,32.961,temp=54.2'C,throttled=0x0,15.0,1.998,492.699,0,113.186,144.018,12.653,98.283,40.0,
2026-08-12T17:17:17+0800,110.345,97.797,32.961,temp=54.2'C,throttled=0x0,15.0,1.998,492.699,0,113.186,144.018,12.666,97.614,40.0,
2026-08-12T17:17:19+0800,116.124,97.746,32.961,temp=54.2'C,throttled=0x0,15.0,1.998,492.699,0,113.186,144.018,12.715,97.603,40.0,
2026-08-12T17:17:20+0800,113.117,97.801,32.961,temp=54.2'C,throttled=0x0,15.0,1.998,492.699,0,113.186,144.018,12.734,97.492,40.0,
2026-08-12T17:17:21+0800,109.655,97.863,32.961,temp=54.8'C,throttled=0x0,15.0,1.998,492.699,0,113.186,144.018,12.773,96.135,40.0,
2026-08-12T17:17:22+0800,109.912,97.859,32.961,temp=54.2'C,throttled=0x0,15.0,1.998,492.699,0,113.186,144.018,12.846,95.93,40.0,
2026-08-12T17:17:23+0800,110.04,97.961,32.961,temp=53.7'C,throttled=0x0,15.0,1.998,492.699,0,113.186,144.018,12.85,95.93,40.0,
2026-08-12T17:17:24+0800,111.298,97.805,32.961,temp=54.8'C,throttled=0x0,15.0,1.998,492.699,0,113.186,144.018,12.898,95.642,40.0,
2026-08-12T17:17:25+0800,110.232,97.934,32.961,temp=54.2'C,throttled=0x0,15.0,1.998,492.699,0,113.186,144.018,12.946,94.781,40.0,
2026-08-12T17:17:26+0800,109.373,97.883,32.961,temp=54.2'C,throttled=0x0,15.0,1.998,492.699,0,113.186,144.018,12.972,94.306,40.0,
2026-08-12T17:17:27+0800,108.459,97.855,32.961,temp=54.2'C,throttled=0x0,15.0,1.998,492.699,0,113.186,144.018,13.028,94.004,40.0,
2026-08-12T17:17:28+0800,110.332,97.898,32.961,temp=54.2'C,throttled=0x0,15.0,1.998,492.699,0,113.186,144.018,13.045,94.004,40.0,
2026-08-12T17:17:29+0800,111.579,97.93,32.961,temp=53.7'C,throttled=0x0,15.0,1.998,492.699,0,113.186,144.018,13.07,94.183,40.0,
2026-08-12T17:17:30+0800,111.23,97.863,32.961,temp=54.2'C,throttled=0x0,15.0,1.998,492.699,0,113.186,144.018,13.086,94.306,40.0,
2026-08-12T17:17:31+0800,107.371,97.949,32.961,temp=54.2'C,throttled=0x0,15.0,1.998,492.699,0,113.186,144.018,13.123,94.004,40.0,
2026-08-12T17:17:32+0800,113.291,97.996,32.961,temp=54.2'C,throttled=0x0,15.0,1.998,492.699,0,113.186,144.018,13.13,94.004,40.0,
2026-08-12T17:17:33+0800,109.309,98.055,32.961,temp=54.2'C,throttled=0x0,15.0,1.998,492.699,0,113.186,144.018,13.177,93.695,40.0,
2026-08-12T17:17:34+0800,108.465,98.0,32.961,temp=54.2'C,throttled=0x0,15.0,1.998,263.03,0,114.847,142.651,13.154,93.013,40.0,
2026-08-12T17:17:35+0800,105.375,98.141,32.961,temp=53.7'C,throttled=0x0,15.0,1.998,308.315,0,114.847,142.651,13.158,92.803,40.0,
2026-08-12T17:17:36+0800,107.383,98.023,32.961,temp=53.7'C,throttled=0x0,15.0,1.998,311.089,0,114.847,142.651,13.169,92.548,40.0,
2026-08-12T17:17:37+0800,107.406,97.941,32.961,temp=53.7'C,throttled=0x0,15.0,1.998,318.271,0,114.847,142.651,13.139,92.803,40.0,
2026-08-12T17:17:38+0800,110.958,97.992,32.961,temp=54.8'C,throttled=0x0,15.0,1.998,341.285,0,114.847,142.651,13.101,93.013,40.0,
2026-08-12T17:17:39+0800,111.356,98.008,32.961,temp=54.2'C,throttled=0x0,15.0,1.999,335.328,0,114.847,142.651,13.068,93.695,40.0,
2026-08-12T17:17:40+0800,109.342,98.035,32.961,temp=54.2'C,throttled=0x0,15.0,1.998,332.96,0,114.847,142.651,13.063,93.695,40.0,
2026-08-12T17:17:41+0800,112.293,97.945,32.961,temp=53.7'C,throttled=0x0,15.0,1.999,354.57,0,114.847,142.651,13.033,94.764,40.0,
2026-08-12T17:17:42+0800,108.721,99.074,32.961,temp=53.7'C,throttled=0x0,15.0,1.998,393.621,0,114.847,142.651,13.009,93.851,40.0,
2026-08-12T17:17:43+0800,118.43,101.297,32.961,temp=54.2'C,throttled=0x0,15.0,1.999,418.598,0,114.847,142.651,12.995,93.851,40.0,
2026-08-12T17:17:44+0800,122.647,101.328,32.961,temp=54.2'C,throttled=0x0,15.0,1.998,438.275,0,114.847,142.651,12.949,95.234,40.0,
2026-08-12T17:17:45+0800,111.844,98.055,32.961,temp=54.2'C,throttled=0x0,15.0,1.998,7.92,0,114.847,142.651,12.91,96.87,40.0,
2026-08-12T17:17:46+0800,107.322,98.082,32.961,temp=53.7'C,throttled=0x0,15.0,1.998,25.155,0,114.847,142.651,12.887,96.87,40.0,
2026-08-12T17:17:47+0800,110.025,98.125,32.961,temp=54.2'C,throttled=0x0,15.0,1.998,30.549,0,114.847,142.651,12.872,96.87,40.0,
2026-08-12T17:17:48+0800,109.286,98.07,32.961,temp=54.8'C,throttled=0x0,15.0,1.998,51.881,0,114.847,142.651,12.84,97.369,40.0,
2026-08-12T17:17:49+0800,111.036,98.195,32.961,temp=54.2'C,throttled=0x0,15.0,1.998,8.057,0,114.847,142.651,12.822,98.031,40.0,
2026-08-12T17:17:50+0800,106.325,98.086,32.961,temp=54.8'C,throttled=0x0,15.0,1.998,25.22,0,114.847,142.651,12.8,97.643,40.0,
2026-08-12T17:17:51+0800,108.248,98.066,32.961,temp=54.2'C,throttled=0x0,15.0,1.998,47.446,0,114.847,142.651,12.778,97.643,40.0,
2026-08-12T17:17:52+0800,106.464,98.199,32.961,temp=54.8'C,throttled=0x0,15.0,1.998,115.795,0,115.708,142.651,12.785,97.643,40.0,
2026-08-12T17:17:53+0800,105.424,98.102,32.961,temp=54.2'C,throttled=0x0,15.0,1.998,104.337,0,115.708,142.651,12.773,97.643,40.0,
2026-08-12T17:17:54+0800,110.655,98.043,32.961,temp=53.7'C,throttled=0x0,15.0,1.998,135.766,0,115.708,142.651,12.746,97.643,40.0,
2026-08-12T17:17:55+0800,113.311,98.164,32.961,temp=54.2'C,throttled=0x0,15.0,1.999,123.168,0,115.708,142.651,12.699,97.643,40.0,
2026-08-12T17:17:56+0800,111.031,98.117,32.961,temp=54.2'C,throttled=0x0,15.0,1.999,141.264,0,115.708,142.651,12.682,97.88,40.0,
2026-08-12T17:17:57+0800,104.48,98.301,32.961,temp=54.2'C,throttled=0x0,15.0,1.998,203.31,0,115.708,142.651,12.704,97.643,40.0,
2026-08-12T17:17:58+0800,106.374,98.059,32.961,temp=54.2'C,throttled=0x0,15.0,1.999,196.124,0,115.708,142.651,12.727,96.831,40.0,
2026-08-12T17:17:59+0800,105.392,98.152,32.961,temp=53.7'C,throttled=0x0,15.0,1.999,200.968,0,115.708,142.651,12.762,96.587,40.0,
2026-08-12T17:18:00+0800,106.359,98.188,32.961,temp=53.7'C,throttled=0x0,15.0,1.999,175.651,0,115.708,142.651,12.779,96.587,40.0,
2026-08-12T17:18:01+0800,104.404,98.176,32.961,temp=53.7'C,throttled=0x0,15.0,1.999,253.374,0,115.708,142.651,12.785,96.587,40.0,
2026-08-12T17:18:02+0800,104.475,98.121,32.961,temp=54.2'C,throttled=0x0,15.0,1.999,231.627,0,115.708,142.651,12.833,94.249,40.0,
2026-08-12T17:18:03+0800,106.28,98.117,32.961,temp=53.7'C,throttled=0x0,15.0,1.998,282.203,0,115.708,142.651,12.858,93.972,40.0,
2026-08-12T17:18:04+0800,105.311,98.238,32.961,temp=53.7'C,throttled=0x0,15.0,1.999,297.517,0,115.708,142.651,12.872,93.22,40.0,
2026-08-12T17:18:05+0800,105.517,98.137,32.961,temp=53.7'C,throttled=0x0,15.0,1.999,305.902,0,115.708,142.651,12.908,93.22,40.0,
2026-08-12T17:18:06+0800,103.502,98.242,32.961,temp=53.7'C,throttled=0x0,15.0,1.999,276.651,0,115.708,142.651,12.937,92.686,40.0,
2026-08-12T17:18:07+0800,107.294,98.215,32.961,temp=54.2'C,throttled=0x0,15.0,1.998,323.997,0,115.708,142.651,12.95,92.488,40.0,
2026-08-12T17:18:08+0800,104.493,98.168,32.961,temp=53.7'C,throttled=0x0,15.0,1.999,340.872,0,115.708,142.651,12.976,92.313,40.0,
2026-08-12T17:18:09+0800,110.466,98.152,32.961,temp=53.7'C,throttled=0x0,15.0,1.998,318.682,0,115.708,142.651,12.985,92.313,40.0,
2026-08-12T17:18:10+0800,104.439,98.273,32.961,temp=53.7'C,throttled=0x0,15.0,1.998,343.835,0,115.708,142.651,12.996,92.158,40.0,
2026-08-12T17:18:11+0800,105.101,98.074,32.961,temp=54.2'C,throttled=0x0,15.0,1.999,403.421,0,115.708,142.651,12.997,92.135,40.0,
2026-08-12T17:18:12+0800,104.471,100.145,32.961,temp=53.7'C,throttled=0x0,15.0,1.998,377.522,0,115.708,142.651,13.018,92.064,40.0,
2026-08-12T17:18:13+0800,113.915,101.316,32.961,temp=54.8'C,throttled=0x0,15.0,1.998,383.649,0,115.708,142.651,13.024,92.158,40.0,
2026-08-12T17:18:14+0800,115.786,98.238,32.961,temp=54.2'C,throttled=0x0,15.0,1.998,389.035,0,115.708,142.651,13.051,92.313,40.0,
2026-08-12T17:18:15+0800,106.463,98.168,32.961,temp=53.7'C,throttled=0x0,15.0,1.998,459.82,0,115.708,142.651,13.075,92.064,40.0,
2026-08-12T17:18:17+0800,104.456,98.27,32.961,temp=53.7'C,throttled=0x0,15.0,1.998,14.636,0,115.708,142.651,13.093,92.064,40.0,
2026-08-12T17:18:18+0800,104.324,98.211,32.961,temp=54.2'C,throttled=0x0,15.0,1.998,13.417,0,115.708,142.651,13.087,91.109,40.0,
2026-08-12T17:18:19+0800,107.296,98.273,32.961,temp=53.7'C,throttled=0x0,15.0,1.998,14.834,0,115.708,142.651,13.09,90.852,40.0,
2026-08-12T17:18:20+0800,115.926,98.105,32.961,temp=54.2'C,throttled=0x0,15.0,1.998,14.749,0,115.708,142.651,13.015,93.71,40.0,
2026-08-12T17:18:21+0800,112.746,98.219,32.961,temp=54.8'C,throttled=0x0,15.0,1.998,74.339,0,115.708,142.651,12.968,93.918,40.0,
2026-08-12T17:18:22+0800,112.875,98.223,32.961,temp=54.2'C,throttled=0x0,15.0,1.999,40.691,0,115.708,142.651,12.943,94.162,40.0,
2026-08-12T17:18:23+0800,112.964,98.184,32.961,temp=54.2'C,throttled=0x0,15.0,1.998,78.185,0,115.708,142.651,12.901,94.581,40.0,
2026-08-12T17:18:24+0800,111.272,98.348,32.961,temp=54.2'C,throttled=0x0,15.0,1.998,65.296,0,115.708,142.651,12.863,94.861,40.0,
2026-08-12T17:18:25+0800,115.173,98.207,32.961,temp=54.8'C,throttled=0x0,15.0,1.998,120.058,0,115.708,142.651,12.838,94.581,40.0,
2026-08-12T17:18:26+0800,105.057,98.258,32.961,temp=54.8'C,throttled=0x0,15.0,1.999,133.35,0,115.708,142.651,12.825,94.581,40.0,
2026-08-12T17:18:27+0800,110.369,98.109,32.961,temp=53.7'C,throttled=0x0,15.0,1.999,160.498,0,115.708,142.651,12.787,96.207,40.0,
2026-08-12T17:18:28+0800,114.215,98.301,32.961,temp=53.7'C,throttled=0x0,15.0,1.998,185.968,0,115.708,142.651,12.766,96.241,40.0,
2026-08-12T17:18:29+0800,111.247,98.277,32.961,temp=54.8'C,throttled=0x0,15.0,1.999,159.314,0,115.708,142.651,12.733,97.977,40.0,
2026-08-12T17:18:30+0800,115.138,98.277,32.961,temp=53.7'C,throttled=0x0,15.0,1.998,196.206,0,115.708,142.651,12.708,97.977,40.0,
2026-08-12T17:18:31+0800,110.098,98.137,32.961,temp=53.7'C,throttled=0x0,15.0,1.999,235.666,0,115.708,142.651,12.69,97.977,40.0,
2026-08-12T17:18:32+0800,114.338,98.203,32.961,temp=54.2'C,throttled=0x0,15.0,1.999,217.815,0,115.708,142.651,12.644,98.318,40.0,
2026-08-12T17:18:33+0800,113.279,98.316,32.961,temp=54.2'C,throttled=0x0,15.0,1.999,265.584,0,115.708,142.651,12.6,98.318,40.0,
2026-08-12T17:18:34+0800,111.001,98.254,32.961,temp=54.2'C,throttled=0x0,15.0,1.998,232.596,0,115.708,142.651,12.569,99.167,40.0,
2026-08-12T17:18:35+0800,114.38,98.242,32.961,temp=54.2'C,throttled=0x0,15.0,1.998,272.385,0,115.708,142.651,12.551,99.167,40.0,
2026-08-12T17:18:36+0800,103.448,98.141,32.961,temp=53.7'C,throttled=0x0,15.0,1.999,282.233,0,115.708,142.651,12.542,99.167,40.0,
2026-08-12T17:18:37+0800,110.233,98.273,32.961,temp=53.7'C,throttled=0x0,15.0,1.999,484.579,0,115.708,142.651,12.517,99.167,40.0,
2026-08-12T17:18:38+0800,109.952,98.285,32.961,temp=54.2'C,throttled=0x0,15.0,1.999,299.169,0,114.847,142.651,12.507,99.167,40.0,
2026-08-12T17:18:39+0800,111.398,98.273,32.961,temp=54.2'C,throttled=0x0,15.0,1.999,359.124,0,114.847,142.651,12.47,99.167,40.0,
2026-08-12T17:18:40+0800,111.055,98.254,32.961,temp=54.2'C,throttled=0x0,15.0,1.999,378.364,0,114.847,142.651,12.461,99.167,40.0,
2026-08-12T17:18:41+0800,112.807,98.289,32.961,temp=54.2'C,throttled=0x0,15.0,1.998,419.682,0,114.847,142.651,12.478,99.072,40.0,
2026-08-12T17:18:42+0800,111.115,100.145,32.961,temp=54.2'C,throttled=0x0,15.0,1.999,421.979,0,114.847,142.651,12.494,99.072,40.0,
2026-08-12T17:18:43+0800,122.094,101.551,32.961,temp=54.2'C,throttled=0x0,15.0,1.998,402.728,0,114.847,142.651,12.48,99.072,40.0,
2026-08-12T17:18:44+0800,115.807,101.645,32.961,temp=54.8'C,throttled=0x0,15.0,1.998,456.078,0,114.847,142.651,12.492,99.167,40.0,
2026-08-12T17:18:45+0800,113.906,98.312,32.961,temp=53.7'C,throttled=0x0,15.0,1.999,412.068,0,114.847,142.651,12.501,99.167,40.0,
2026-08-12T17:18:46+0800,108.131,98.363,32.961,temp=54.2'C,throttled=0x0,15.0,1.999,453.601,0,114.847,142.651,12.486,99.417,40.0,
2026-08-12T17:18:47+0800,109.38,98.418,32.961,temp=54.2'C,throttled=0x0,15.0,1.998,490.109,0,114.847,142.651,12.485,100.0,40.0,
2026-08-12T17:18:48+0800,111.365,98.266,32.961,temp=54.2'C,throttled=0x0,15.0,1.999,21.533,0,114.847,142.651,12.49,100.0,40.0,
2026-08-12T17:18:49+0800,112.136,98.348,32.961,temp=54.8'C,throttled=0x0,15.0,1.998,52.934,0,114.847,142.651,12.487,99.417,40.0,
2026-08-12T17:18:50+0800,113.264,98.359,32.961,temp=55.3'C,throttled=0x0,15.0,1.998,9.521,0,114.847,142.651,12.494,99.417,40.0,
2026-08-12T17:18:51+0800,110.284,98.25,32.961,temp=54.2'C,throttled=0x0,15.0,1.999,49.987,0,114.847,142.651,12.494,99.417,40.0,
2026-08-12T17:18:52+0800,106.457,98.383,32.961,temp=54.2'C,throttled=0x0,15.0,1.999,58.183,0,114.847,142.651,12.532,99.085,40.0,
2026-08-12T17:18:53+0800,105.237,98.34,32.961,temp=54.2'C,throttled=0x0,15.0,1.999,419.217,0,114.847,142.651,12.56,99.417,40.0,
2026-08-12T17:18:54+0800,102.527,98.289,32.961,temp=54.2'C,throttled=0x0,15.0,1.999,419.217,0,114.847,142.651,12.611,99.072,40.0,
2026-08-12T17:18:55+0800,103.434,98.367,32.961,temp=54.2'C,throttled=0x0,15.0,1.999,419.217,0,114.847,142.651,12.68,98.765,40.0,
2026-08-12T17:18:56+0800,103.503,98.312,32.961,temp=54.2'C,throttled=0x0,15.0,1.998,156.109,0,114.847,142.651,12.708,98.831,40.0,
2026-08-12T17:18:57+0800,102.512,98.395,32.961,temp=54.2'C,throttled=0x0,15.0,1.999,122.704,0,114.847,142.651,12.738,98.831,40.0,
2026-08-12T17:18:58+0800,105.328,98.383,32.961,temp=54.2'C,throttled=0x0,15.0,1.999,194.797,0,114.847,142.651,12.764,98.831,40.0,
2026-08-12T17:18:59+0800,110.287,98.395,32.961,temp=54.2'C,throttled=0x0,15.0,1.998,193.158,0,114.847,142.651,12.8,98.472,40.0,
2026-08-12T17:19:00+0800,102.132,98.297,32.961,temp=54.2'C,throttled=0x0,15.0,1.999,188.5,0,114.847,142.651,12.851,98.472,40.0,
2026-08-12T17:19:01+0800,102.363,98.273,32.961,temp=53.7'C,throttled=0x0,15.0,1.999,246.317,0,114.847,142.651,12.879,95.896,40.0,
2026-08-12T17:19:02+0800,102.557,98.262,32.961,temp=54.2'C,throttled=0x0,15.0,1.999,224.768,0,114.847,142.651,12.932,95.13,40.0,
2026-08-12T17:19:03+0800,104.315,98.34,32.961,temp=54.2'C,throttled=0x0,15.0,1.999,270.169,0,114.847,142.651,12.988,94.16,40.0,
2026-08-12T17:19:04+0800,104.454,98.359,32.961,temp=54.2'C,throttled=0x0,15.0,1.998,250.925,0,114.847,142.651,13.02,93.788,40.0,
2026-08-12T17:19:05+0800,103.263,98.328,32.961,temp=53.7'C,throttled=0x0,15.0,1.999,298.619,0,114.847,142.651,13.074,92.662,40.0,
2026-08-12T17:19:06+0800,103.996,98.262,32.961,temp=53.7'C,throttled=0x0,15.0,1.999,293.553,0,114.847,142.651,13.094,91.872,40.0,
2026-08-12T17:19:07+0800,104.207,98.395,32.961,temp=54.2'C,throttled=0x0,15.0,1.999,333.603,0,114.847,142.651,13.135,91.515,40.0,
2026-08-12T17:19:08+0800,106.1,98.344,32.961,temp=53.7'C,throttled=0x0,15.0,1.998,315.051,0,114.847,142.651,13.149,91.515,40.0,
2026-08-12T17:19:09+0800,102.459,98.254,32.961,temp=53.7'C,throttled=0x0,15.0,1.999,323.03,0,114.847,142.651,13.192,91.41,40.0,
2026-08-12T17:19:10+0800,104.228,98.363,32.961,temp=53.7'C,throttled=0x0,15.0,1.999,365.823,0,114.847,142.651,13.252,90.182,40.0,
2026-08-12T17:19:11+0800,108.21,100.27,32.961,temp=54.2'C,throttled=0x0,15.0,1.999,378.87,0,114.847,142.651,13.247,91.41,40.0,
2026-08-12T17:19:12+0800,113.843,101.469,32.961,temp=54.2'C,throttled=0x0,15.0,1.999,404.434,0,114.847,142.651,13.241,91.41,40.0,
2026-08-12T17:19:14+0800,114.221,101.543,32.961,temp=53.7'C,throttled=0x0,15.0,1.999,461.287,0,114.847,142.651,13.217,91.515,40.0,
2026-08-12T17:19:15+0800,109.41,98.355,32.961,temp=54.2'C,throttled=0x0,15.0,1.998,458.355,0,114.847,142.651,13.186,91.872,40.0,
2026-08-12T17:19:16+0800,107.276,98.332,32.961,temp=53.7'C,throttled=0x0,15.0,1.999,421.016,0,114.847,142.651,13.149,91.872,40.0,
2026-08-12T17:19:17+0800,109.083,98.336,32.961,temp=54.8'C,throttled=0x0,15.0,1.998,469.34,0,114.847,142.651,13.124,92.572,40.0,
2026-08-12T17:19:18+0800,107.361,98.305,32.953,temp=53.7'C,throttled=0x0,15.0,1.999,60.274,0,113.186,142.651,13.111,92.572,40.0,
2026-08-12T17:19:19+0800,103.495,98.293,32.953,temp=54.2'C,throttled=0x0,15.0,1.999,49.939,0,113.186,142.651,13.12,91.515,40.0,
2026-08-12T17:19:20+0800,110.214,98.352,32.953,temp=54.2'C,throttled=0x0,15.0,1.999,66.378,0,113.186,142.651,13.098,92.84,40.0,
2026-08-12T17:19:21+0800,105.794,98.504,32.953,temp=53.7'C,throttled=0x0,15.0,1.999,488.671,0,113.186,142.651,13.097,92.84,40.0,
2026-08-12T17:19:22+0800,107.231,98.457,32.953,temp=54.2'C,throttled=0x0,15.0,1.999,85.853,0,113.186,142.651,13.059,92.987,40.0,
2026-08-12T17:19:23+0800,103.528,98.316,32.953,temp=54.2'C,throttled=0x0,15.0,1.999,141.759,0,113.186,142.651,13.061,92.987,40.0,
2026-08-12T17:19:24+0800,103.99,98.406,32.953,temp=54.2'C,throttled=0x0,15.0,1.999,128.937,0,113.186,142.651,13.059,92.84,40.0,
2026-08-12T17:19:25+0800,103.485,98.367,32.953,temp=53.7'C,throttled=0x0,15.0,1.999,121.51,0,113.186,142.651,13.04,92.84,40.0,
2026-08-12T17:19:26+0800,105.878,98.375,32.953,temp=54.8'C,throttled=0x0,15.0,1.999,191.551,0,113.186,142.651,13.043,92.84,40.0,
2026-08-12T17:19:27+0800,104.223,98.375,32.953,temp=53.7'C,throttled=0x0,15.0,1.999,187.748,0,113.186,142.651,13.024,92.987,40.0,
2026-08-12T17:19:28+0800,112.334,98.465,32.953,temp=54.8'C,throttled=0x0,15.0,1.998,151.366,0,113.186,142.651,12.976,93.081,40.0,
2026-08-12T17:19:29+0800,108.235,98.445,32.953,temp=53.7'C,throttled=0x0,15.0,1.999,197.397,0,113.186,142.651,12.953,93.943,40.0,
2026-08-12T17:19:30+0800,117.196,98.535,32.953,temp=54.2'C,throttled=0x0,15.0,1.998,220.694,0,113.186,142.651,12.906,93.95,40.0,
2026-08-12T17:19:31+0800,112.644,98.375,32.953,temp=53.7'C,throttled=0x0,15.0,1.999,252.323,0,113.186,142.651,12.895,93.718,40.0,
2026-08-12T17:19:32+0800,109.122,98.371,32.953,temp=54.2'C,throttled=0x0,15.0,1.999,240.968,0,113.186,142.651,12.848,93.95,40.0,
2026-08-12T17:19:33+0800,106.493,98.273,32.953,temp=54.2'C,throttled=0x0,15.0,1.999,294.916,0,113.186,142.651,12.871,93.95,40.0,
2026-08-12T17:19:34+0800,101.582,98.363,32.953,temp=54.2'C,throttled=0x0,15.0,1.999,271.136,0,113.186,142.651,12.884,93.95,40.0,
2026-08-12T17:19:35+0800,102.513,98.492,32.953,temp=53.7'C,throttled=0x0,15.0,1.999,276.018,0,113.186,142.651,12.885,93.95,40.0,
2026-08-12T17:19:36+0800,103.434,98.348,32.953,temp=53.7'C,throttled=0x0,15.0,1.999,326.621,0,113.186,142.651,12.917,93.943,40.0,
2026-08-12T17:19:37+0800,104.405,98.457,32.953,temp=53.7'C,throttled=0x0,15.0,1.999,374.618,0,113.186,142.651,12.935,93.718,40.0,
2026-08-12T17:19:38+0800,103.519,98.383,32.953,temp=53.7'C,throttled=0x0,15.0,1.999,360.442,0,113.186,142.651,12.944,93.718,40.0,
2026-08-12T17:19:39+0800,103.469,98.387,32.953,temp=54.2'C,throttled=0x0,15.0,1.999,340.381,0,113.186,142.651,12.968,92.723,40.0,
2026-08-12T17:19:40+0800,103.237,98.441,32.953,temp=53.7'C,throttled=0x0,15.0,1.999,380.311,0,113.186,142.651,12.988,92.369,40.0,
2026-08-12T17:19:41+0800,107.514,101.547,32.953,temp=53.7'C,throttled=0x0,15.0,1.999,372.547,0,113.186,142.651,12.999,92.369,40.0,
2026-08-12T17:19:42+0800,115.359,101.707,32.953,temp=54.2'C,throttled=0x0,15.0,1.998,428.123,0,113.186,142.651,13.004,92.369,40.0,
2026-08-12T17:19:43+0800,110.216,98.312,32.953,temp=54.2'C,throttled=0x0,15.0,1.998,407.25,0,113.186,142.651,13.007,92.723,40.0,
2026-08-12T17:19:44+0800,106.064,98.34,32.953,temp=53.7'C,throttled=0x0,15.0,1.999,17.191,0,113.186,142.651,12.982,93.695,40.0,
2026-08-12T17:19:45+0800,106.975,98.289,32.953,temp=53.7'C,throttled=0x0,15.0,1.998,497.19,0,113.186,142.651,12.986,93.695,40.0,
2026-08-12T17:19:46+0800,105.111,98.457,32.953,temp=54.8'C,throttled=0x0,15.0,1.999,473.406,0,113.186,142.651,13.002,92.748,40.0,
2026-08-12T17:19:47+0800,105.47,98.387,32.953,temp=54.2'C,throttled=0x0,15.0,1.999,68.31,0,112.852,142.651,13.006,92.748,40.0,
2026-08-12T17:19:48+0800,104.328,98.43,32.953,temp=54.2'C,throttled=0x0,15.0,1.999,66.655,0,112.852,142.651,13.057,92.723,40.0,
2026-08-12T17:19:49+0800,101.476,98.305,32.953,temp=54.2'C,throttled=0x0,15.0,1.999,39.499,0,113.186,142.651,13.093,90.622,40.0,
2026-08-12T17:19:50+0800,103.469,98.312,32.953,temp=54.2'C,throttled=0x0,15.0,1.999,93.321,0,113.186,142.651,13.128,90.347,40.0,
2026-08-12T17:19:51+0800,104.483,98.359,32.953,temp=53.7'C,throttled=0x0,15.0,1.999,83.978,0,113.186,142.651,13.176,89.877,40.0,
2026-08-12T17:19:52+0800,104.418,98.465,32.953,temp=54.2'C,throttled=0x0,15.0,1.999,81.466,0,113.186,142.651,13.165,89.705,40.0,
2026-08-12T17:19:53+0800,104.84,98.391,32.953,temp=54.8'C,throttled=0x0,15.0,1.999,157.026,0,113.186,142.651,13.148,89.877,40.0,
2026-08-12T17:19:54+0800,105.13,98.406,32.953,temp=54.8'C,throttled=0x0,15.0,1.999,497.891,0,113.186,142.651,13.16,89.877,40.0,
2026-08-12T17:19:55+0800,103.516,98.375,32.953,temp=54.2'C,throttled=0x0,15.0,1.999,198.98,0,113.186,142.651,13.151,89.816,40.0,
2026-08-12T17:19:56+0800,104.406,98.336,32.953,temp=54.2'C,throttled=0x0,15.0,1.999,192.897,0,113.186,142.651,13.146,89.816,40.0,
2026-08-12T17:19:57+0800,107.282,98.34,32.953,temp=53.7'C,throttled=0x0,15.0,1.998,193.321,0,113.186,142.651,13.129,90.622,40.0,
2026-08-12T17:19:58+0800,107.315,98.375,32.953,temp=53.7'C,throttled=0x0,15.0,1.998,169.378,0,113.186,142.651,13.118,92.748,40.0,
2026-08-12T17:19:59+0800,106.501,98.566,32.953,temp=54.2'C,throttled=0x0,15.0,1.998,191.479,0,113.186,142.651,13.095,92.748,40.0,
2026-08-12T17:20:00+0800,102.524,98.516,32.953,temp=54.2'C,throttled=0x0,15.0,1.999,246.318,0,113.186,142.651,13.107,92.197,40.0,
2026-08-12T17:20:01+0800,105.502,98.453,32.953,temp=54.8'C,throttled=0x0,15.0,1.999,228.799,0,113.186,142.651,13.106,92.924,40.0,
2026-08-12T17:20:02+0800,113.315,98.402,32.953,temp=53.7'C,throttled=0x0,15.0,1.998,237.929,0,113.186,142.651,13.079,93.39,40.0,
2026-08-12T17:20:03+0800,104.139,98.395,32.953,temp=54.2'C,throttled=0x0,15.0,1.999,304.536,0,113.186,142.651,13.092,93.39,40.0,
2026-08-12T17:20:04+0800,103.181,98.465,32.953,temp=54.8'C,throttled=0x0,15.0,1.998,285.943,0,113.186,142.651,13.1,92.924,40.0,
2026-08-12T17:20:05+0800,104.429,98.434,32.953,temp=53.7'C,throttled=0x0,15.0,1.999,283.149,0,113.186,142.651,13.089,92.924,40.0,
2026-08-12T17:20:06+0800,105.381,98.332,32.953,temp=54.8'C,throttled=0x0,15.0,1.999,346.806,0,113.186,142.651,13.101,92.924,40.0,
2026-08-12T17:20:07+0800,105.441,98.543,32.953,temp=53.7'C,throttled=0x0,15.0,1.999,342.739,0,113.186,142.651,13.104,92.197,40.0,
2026-08-12T17:20:08+0800,105.429,98.434,32.953,temp=53.7'C,throttled=0x0,15.0,1.999,358.492,0,113.186,142.651,13.083,92.197,40.0,
2026-08-12T17:20:09+0800,107.435,98.574,32.953,temp=54.2'C,throttled=0x0,15.0,1.999,340.679,0,113.186,142.651,13.076,93.39,40.0,
2026-08-12T17:20:10+0800,107.103,100.641,32.953,temp=54.2'C,throttled=0x0,15.0,1.999,395.067,0,113.186,142.651,13.086,92.306,40.0,
2026-08-12T17:20:12+0800,116.528,101.684,32.953,temp=54.2'C,throttled=0x0,15.0,1.998,385.735,0,113.186,142.651,13.091,92.306,40.0,
2026-08-12T17:20:13+0800,113.257,98.566,32.953,temp=53.7'C,throttled=0x0,15.0,1.999,413.19,0,113.186,142.651,13.063,94.799,40.0,
2026-08-12T17:20:14+0800,103.453,98.508,32.953,temp=54.2'C,throttled=0x0,15.0,1.999,490.357,0,113.186,142.651,13.061,93.508,40.0,
2026-08-12T17:20:15+0800,107.465,98.609,32.953,temp=54.8'C,throttled=0x0,15.0,1.999,476.896,0,113.186,142.651,13.052,92.319,40.0,
2026-08-12T17:20:16+0800,104.386,98.516,32.953,temp=54.2'C,throttled=0x0,15.0,1.999,457.867,0,113.186,142.651,13.064,93.508,40.0,
2026-08-12T17:20:17+0800,104.146,98.605,32.953,temp=54.2'C,throttled=0x0,15.0,1.999,20.081,0,113.186,142.651,13.091,92.319,40.0,
2026-08-12T17:20:18+0800,107.354,98.523,32.953,temp=53.7'C,throttled=0x0,15.0,1.999,7.344,0,113.186,142.651,13.087,92.306,40.0,
2026-08-12T17:20:19+0800,102.572,98.562,32.953,temp=54.8'C,throttled=0x0,15.0,1.999,69.864,0,113.186,142.651,13.11,92.319,40.0,
2026-08-12T17:20:20+0800,101.576,98.52,32.953,temp=53.7'C,throttled=0x0,15.0,1.999,44.915,0,113.186,142.651,13.115,92.319,40.0,
2026-08-12T17:20:21+0800,104.977,98.477,32.953,temp=54.2'C,throttled=0x0,15.0,1.999,109.688,0,113.186,142.651,13.109,92.319,40.0,
2026-08-12T17:20:22+0800,105.467,98.492,32.953,temp=54.2'C,throttled=0x0,15.0,1.999,107.236,0,113.186,142.651,13.121,92.306,40.0,
2026-08-12T17:20:23+0800,104.147,98.605,32.953,temp=54.2'C,throttled=0x0,15.0,1.999,106.03,0,113.186,142.651,13.115,92.306,40.0,
2026-08-12T17:20:24+0800,105.341,98.57,32.953,temp=54.2'C,throttled=0x0,15.0,1.999,158.88,0,113.186,142.651,13.116,92.306,40.0,
2026-08-12T17:20:25+0800,107.11,98.633,32.953,temp=54.8'C,throttled=0x0,15.0,1.999,151.074,0,113.186,142.651,13.116,91.891,40.0,
2026-08-12T17:20:26+0800,103.496,98.535,32.953,temp=54.8'C,throttled=0x0,15.0,1.999,137.235,0,113.186,142.651,13.116,91.891,40.0,
2026-08-12T17:20:27+0800,104.47,98.609,32.953,temp=54.8'C,throttled=0x0,15.0,1.999,203.838,0,113.186,142.651,13.122,92.306,40.0,
2026-08-12T17:20:28+0800,107.355,98.648,32.953,temp=54.2'C,throttled=0x0,15.0,1.999,134.274,0,113.186,142.651,13.121,92.306,40.0,
2026-08-12T17:20:29+0800,105.293,98.648,32.953,temp=53.7'C,throttled=0x0,15.0,1.999,204.996,0,113.186,142.651,13.116,91.891,40.0,
2026-08-12T17:20:30+0800,105.418,98.535,32.953,temp=54.8'C,throttled=0x0,15.0,1.999,190.187,0,113.186,142.651,13.113,91.891,40.0,
2026-08-12T17:20:31+0800,107.466,98.652,32.953,temp=54.2'C,throttled=0x0,15.0,1.999,235.695,0,113.186,142.651,13.126,91.891,40.0,
2026-08-12T17:20:32+0800,103.522,98.641,32.953,temp=53.7'C,throttled=0x0,15.0,1.999,249.547,0,113.186,142.651,13.139,91.891,40.0,
2026-08-12T17:20:33+0800,105.335,98.516,32.953,temp=53.7'C,throttled=0x0,15.0,1.999,259.183,0,113.186,142.651,13.122,92.072,40.0,
2026-08-12T17:20:34+0800,101.527,98.508,32.953,temp=54.2'C,throttled=0x0,15.0,1.999,308.16,0,113.186,142.651,13.127,91.891,40.0,
2026-08-12T17:20:35+0800,103.493,98.668,32.953,temp=54.2'C,throttled=0x0,15.0,1.999,283.298,0,113.186,142.651,13.136,90.605,40.0,
2026-08-12T17:20:36+0800,103.377,98.52,32.953,temp=54.2'C,throttled=0x0,15.0,1.999,273.568,0,113.186,142.651,13.138,90.361,40.0,
2026-08-12T17:20:37+0800,102.397,98.594,32.953,temp=54.2'C,throttled=0x0,15.0,1.999,307.262,0,113.186,142.651,13.144,90.361,40.0,
2026-08-12T17:20:38+0800,109.296,98.676,32.953,temp=54.2'C,throttled=0x0,15.0,1.998,279.506,0,113.186,142.651,13.135,90.605,40.0,
2026-08-12T17:20:39+0800,105.534,98.523,32.953,temp=54.2'C,throttled=0x0,15.0,1.999,383.303,0,113.186,142.651,13.118,90.605,40.0,
2026-08-12T17:20:40+0800,104.089,98.633,32.953,temp=54.8'C,throttled=0x0,15.0,1.999,354.194,0,113.186,142.651,13.13,90.361,40.0,
2026-08-12T17:20:41+0800,104.556,98.816,32.953,temp=54.2'C,throttled=0x0,15.0,1.999,412.987,0,113.186,142.651,13.152,90.361,40.0,
2026-08-12T17:20:42+0800,109.004,101.957,32.953,temp=54.2'C,throttled=0x0,15.0,1.999,405.966,0,113.186,142.651,13.145,90.361,40.0,
2026-08-12T17:20:43+0800,111.964,101.801,32.953,temp=53.7'C,throttled=0x0,15.0,1.999,414.588,0,113.186,142.651,13.125,90.909,40.0,
2026-08-12T17:20:44+0800,110.074,98.691,32.953,temp=54.8'C,throttled=0x0,15.0,1.999,469.981,0,113.186,142.651,13.139,91.098,40.0,
2026-08-12T17:20:45+0800,104.469,98.672,32.953,temp=53.7'C,throttled=0x0,15.0,1.999,458.384,0,113.186,142.651,13.137,92.072,40.0,
2026-08-12T17:20:46+0800,104.18,98.707,32.953,temp=54.2'C,throttled=0x0,15.0,1.999,458.326,0,113.186,142.651,13.134,92.072,40.0,
2026-08-12T17:20:47+0800,104.139,98.594,32.953,temp=54.8'C,throttled=0x0,15.0,1.999,19.727,0,113.186,142.651,13.148,92.072,40.0,
2026-08-12T17:20:48+0800,105.482,98.676,32.953,temp=54.8'C,throttled=0x0,15.0,1.999,30.19,0,113.186,142.651,13.14,92.793,40.0,
2026-08-12T17:20:49+0800,102.473,98.676,32.953,temp=54.8'C,throttled=0x0,15.0,1.999,24.728,0,113.186,142.651,13.129,92.793,40.0,
2026-08-12T17:20:50+0800,103.478,98.613,32.953,temp=54.2'C,throttled=0x0,15.0,1.999,74.801,0,113.186,142.651,13.13,92.912,40.0,
2026-08-12T17:20:51+0800,102.4,98.621,32.953,temp=54.2'C,throttled=0x0,15.0,1.999,61.11,0,113.186,142.651,13.149,92.793,40.0,
2026-08-12T17:20:52+0800,103.541,98.707,32.953,temp=54.2'C,throttled=0x0,15.0,1.999,60.604,0,113.186,142.651,13.154,91.62,40.0,
2026-08-12T17:20:53+0800,105.496,98.66,32.953,temp=55.3'C,throttled=0x0,15.0,1.999,85.334,0,113.186,142.651,13.121,92.793,40.0,
2026-08-12T17:20:54+0800,102.248,98.605,32.953,temp=54.8'C,throttled=0x0,15.0,1.999,149.376,0,113.186,142.651,13.116,92.912,40.0,
2026-08-12T17:20:55+0800,103.331,98.645,32.953,temp=55.3'C,throttled=0x0,15.0,1.999,141.988,0,113.186,142.651,13.1,93.393,40.0,
2026-08-12T17:20:56+0800,102.497,98.523,32.953,temp=54.8'C,throttled=0x0,15.0,1.999,125.182,0,113.186,142.651,13.095,93.393,40.0,
2026-08-12T17:20:57+0800,103.504,98.512,32.953,temp=54.8'C,throttled=0x0,15.0,1.999,180.745,0,113.186,142.651,13.105,93.182,40.0,
2026-08-12T17:20:58+0800,104.529,98.539,32.953,temp=54.8'C,throttled=0x0,15.0,1.999,187.092,0,113.186,142.651,13.093,93.393,40.0,
2026-08-12T17:20:59+0800,105.456,98.668,32.953,temp=54.8'C,throttled=0x0,15.0,1.999,182.17,0,113.186,142.651,13.086,93.393,40.0,
2026-08-12T17:21:00+0800,104.373,98.664,32.953,temp=54.8'C,throttled=0x0,15.0,1.999,238.017,0,113.186,142.651,13.086,93.393,40.0,
2026-08-12T17:21:01+0800,101.381,98.66,32.953,temp=55.3'C,throttled=0x0,15.0,1.999,216.295,0,113.186,142.651,13.091,93.182,40.0,
2026-08-12T17:21:02+0800,105.283,98.527,32.953,temp=54.8'C,throttled=0x0,15.0,1.999,214.716,0,113.186,142.651,13.102,93.182,40.0,
2026-08-12T17:21:03+0800,111.389,98.645,32.953,temp=54.8'C,throttled=0x0,15.0,1.998,193.808,0,113.186,142.651,13.083,93.182,40.0,
2026-08-12T17:21:04+0800,104.29,98.629,32.953,temp=54.8'C,throttled=0x0,15.0,1.999,265.143,0,113.186,142.651,13.093,92.297,40.0,
2026-08-12T17:21:05+0800,105.462,98.664,32.953,temp=54.8'C,throttled=0x0,15.0,1.999,262.635,0,113.186,142.651,13.099,91.434,40.0,
2026-08-12T17:21:06+0800,103.446,98.562,32.953,temp=54.8'C,throttled=0x0,15.0,1.999,311.546,0,113.186,142.651,13.097,92.297,40.0,
2026-08-12T17:21:07+0800,103.495,98.617,32.953,temp=55.8'C,throttled=0x0,15.0,1.999,293.52,0,113.186,142.651,13.118,90.954,40.0,
2026-08-12T17:21:08+0800,104.242,98.645,32.953,temp=54.8'C,throttled=0x0,15.0,1.999,308.124,0,113.186,142.651,13.109,90.954,40.0,
2026-08-12T17:21:09+0800,103.309,98.598,32.953,temp=55.3'C,throttled=0x0,15.0,1.999,360.443,0,113.186,142.651,13.105,90.954,40.0,
2026-08-12T17:21:10+0800,104.172,98.609,32.953,temp=55.8'C,throttled=0x0,15.0,1.998,343.098,0,113.186,142.651,13.102,90.954,40.0,
2026-08-12T17:21:12+0800,106.406,98.574,32.953,temp=55.3'C,throttled=0x0,15.0,1.998,332.978,0,113.186,142.651,13.106,91.434,40.0,
2026-08-12T17:21:13+0800,104.35,98.652,32.953,temp=55.3'C,throttled=0x0,15.0,1.999,393.047,0,113.186,142.651,13.134,91.434,40.0,
2026-08-12T17:21:14+0800,108.704,100.625,32.953,temp=54.8'C,throttled=0x0,15.0,1.999,480.547,0,113.186,142.651,13.112,91.434,40.0,
2026-08-12T17:21:15+0800,116.815,101.973,32.953,temp=55.3'C,throttled=0x0,15.0,1.998,387.637,0,113.186,142.651,13.113,90.954,40.0,
2026-08-12T17:21:16+0800,110.888,101.91,32.953,temp=55.8'C,throttled=0x0,15.0,1.999,417.896,0,113.186,142.651,13.127,90.855,40.0,
2026-08-12T17:21:17+0800,105.279,98.594,32.953,temp=55.3'C,throttled=0x0,15.0,1.998,402.465,0,113.186,142.651,13.129,90.954,40.0,
2026-08-12T17:21:18+0800,103.465,98.633,32.953,temp=55.3'C,throttled=0x0,15.0,1.999,17.79,0,113.186,142.651,13.132,91.104,40.0,
2026-08-12T17:21:19+0800,103.4,98.496,32.953,temp=54.8'C,throttled=0x0,15.0,1.998,426.329,0,113.186,142.651,13.129,91.434,40.0,
2026-08-12T17:21:20+0800,106.449,98.625,32.953,temp=55.8'C,throttled=0x0,15.0,1.999,487.352,0,113.186,142.651,13.133,91.434,40.0,
2026-08-12T17:21:21+0800,105.17,98.629,32.953,temp=55.8'C,throttled=0x0,15.0,1.998,60.611,0,113.186,142.651,13.122,91.434,40.0,
2026-08-12T17:21:22+0800,105.155,98.711,32.953,temp=54.8'C,throttled=0x0,15.0,1.999,41.367,0,113.186,142.651,13.136,91.124,40.0,
2026-08-12T17:21:23+0800,103.361,98.625,32.953,temp=55.8'C,throttled=0x0,15.0,1.999,88.432,0,113.186,142.651,13.156,91.104,40.0,
2026-08-12T17:21:24+0800,110.286,98.527,32.953,temp=55.3'C,throttled=0x0,15.0,1.998,75.523,0,113.186,142.651,13.135,91.124,40.0,
2026-08-12T17:21:25+0800,103.526,98.68,32.953,temp=55.3'C,throttled=0x0,15.0,1.999,73.924,0,113.186,142.651,13.137,91.104,40.0,
2026-08-12T17:21:26+0800,103.523,98.59,32.953,temp=54.8'C,throttled=0x0,15.0,1.999,135.547,0,113.186,142.651,13.144,90.994,40.0,
2026-08-12T17:21:27+0800,105.225,98.598,32.953,temp=55.3'C,throttled=0x0,15.0,1.999,117.614,0,113.186,142.651,13.138,91.104,40.0,
2026-08-12T17:21:28+0800,107.362,98.707,32.953,temp=55.3'C,throttled=0x0,15.0,1.998,97.628,0,113.186,142.651,13.152,90.994,40.0,
2026-08-12T17:21:29+0800,105.392,98.633,32.953,temp=54.8'C,throttled=0x0,15.0,1.999,110.579,0,113.186,142.651,13.139,90.994,40.0,
2026-08-12T17:21:30+0800,105.31,98.586,32.953,temp=54.8'C,throttled=0x0,15.0,1.999,182.989,0,113.186,142.651,13.129,90.994,40.0,
2026-08-12T17:21:31+0800,103.4,94.941,32.953,temp=55.8'C,throttled=0x0,15.0,1.998,176.205,0,113.186,142.651,13.094,90.994,40.0,
