timestamp,cpu_percent,rss_mib,swap_mib,temperature,throttled,capture_fps,tracker_effective_fps,capture_to_snapshot_p50_ms,capture_to_snapshot_p95_ms,snapshot_age_ms,snapshot_stale_drops,snapshot_to_policy_commit_p50_ms,snapshot_to_policy_commit_p95_ms,policy_commit_to_first_eye_frame_p50_ms,policy_commit_to_first_eye_frame_p95_ms,face_to_eye_first_frame_p50_ms,face_to_eye_first_frame_p95_ms,eye_effective_fps,eye_frame_p95_ms,sample_interval_ms,error,vad_to_listening_cue_p50_ms,vad_to_listening_cue_p95_ms,speech_end_to_silence_confirmed_p50_ms,speech_end_to_silence_confirmed_p95_ms,silence_confirmed_to_first_audio_sample_p50_ms,silence_confirmed_to_first_audio_sample_p95_ms,vad_to_listening_cue_count,audio_failures,audio_request_rejects
2026-08-22T13:41:53+0800,,100.605,13.395,temp=49.9'C,throttled=0x0,15.0,2.013,117.385,145.769,480.85,0,35.289,71.044,72.387,83.177,209.214,209.214,13.03,94.11,40.0,,,,,,,,0,,
2026-08-22T13:41:54+0800,107.68,96.793,17.078,temp=50.5'C,throttled=0x0,15.0,2.013,116.744,145.769,4.289,0,35.811,71.872,72.426,83.177,209.214,209.214,13.019,93.923,40.0,,,,,,,,0,,
2026-08-22T13:41:55+0800,105.38,96.734,17.078,temp=50.5'C,throttled=0x0,15.0,2.013,117.385,145.427,70.591,0,36.717,71.044,72.426,83.177,209.214,209.214,13.016,93.923,40.0,,,,,,,,0,,
2026-08-22T13:41:56+0800,109.806,96.926,17.078,temp=49.4'C,throttled=0x0,15.0,2.012,116.744,145.427,75.84,0,36.717,71.872,72.462,82.763,209.214,209.214,12.999,93.923,40.0,,,,,,,,0,,
2026-08-22T13:41:57+0800,108.236,96.844,17.078,temp=49.4'C,throttled=0x0,15.0,2.012,117.385,145.427,87.497,0,36.717,71.872,72.464,82.763,209.214,209.214,12.995,93.695,40.0,,,,,,,,0,,
2026-08-22T13:41:58+0800,105.384,96.941,17.078,temp=49.9'C,throttled=0x0,15.0,2.012,117.385,145.427,418.715,0,36.791,71.872,72.464,82.763,209.214,209.214,12.99,93.695,40.0,,,,,,,,0,,
2026-08-22T13:41:59+0800,107.376,96.902,17.059,temp=49.9'C,throttled=0x0,15.0,2.012,116.744,145.427,77.223,0,36.717,71.872,72.462,82.763,77.33,209.214,12.978,93.695,40.0,,,,,,,,0,,
2026-08-22T13:42:00+0800,110.307,93.301,19.117,temp=49.4'C,throttled=0x0,15.0,2.012,117.385,145.769,138.984,0,36.717,71.872,72.464,82.763,77.33,209.214,12.933,93.923,40.0,,,,,,,,0,,
2026-08-22T13:42:01+0800,113.218,93.297,19.117,temp=49.4'C,throttled=0x0,15.0,2.011,116.744,145.769,101.646,0,35.811,71.872,72.481,83.177,77.33,209.214,12.907,94.11,40.0,,,,,,,,0,,
2026-08-22T13:42:02+0800,121.874,93.309,19.117,temp=49.9'C,throttled=0x0,15.0,2.011,117.594,145.777,147.188,0,36.717,71.872,72.489,83.932,77.33,209.214,12.723,99.822,40.0,,,,,,,,0,,
2026-08-22T13:42:04+0800,118.072,93.281,19.117,temp=50.5'C,throttled=0x0,15.0,2.011,117.594,145.777,156.099,0,36.791,71.872,72.5,88.551,77.33,209.214,12.56,101.792,40.0,,,,,,,,0,,
2026-08-22T13:42:05+0800,123.018,93.293,19.117,temp=50.5'C,throttled=0x0,15.0,2.011,117.656,145.777,199.27,0,36.791,71.983,72.514,95.487,77.33,209.214,12.403,104.326,40.0,,,,,,,,0,,
2026-08-22T13:42:06+0800,114.218,93.215,19.117,temp=49.4'C,throttled=0x0,15.0,2.011,117.594,145.777,225.164,0,36.717,71.983,72.514,95.487,77.33,209.214,12.28,104.424,40.0,,,,,,,,0,,
2026-08-22T13:42:07+0800,107.401,93.355,19.117,temp=49.9'C,throttled=0x0,15.0,2.01,117.656,145.769,209.973,0,36.791,71.983,72.5,95.487,77.33,209.214,12.27,104.424,40.0,,,,,,,,0,,
2026-08-22T13:42:08+0800,107.45,93.367,19.117,temp=49.9'C,throttled=0x0,15.0,2.01,117.594,145.769,258.551,0,36.791,71.872,72.5,94.289,77.33,209.214,12.245,104.424,40.0,,,,,,,,0,,
2026-08-22T13:42:09+0800,114.355,93.32,19.117,temp=50.5'C,throttled=0x0,15.0,2.01,117.656,145.769,249.167,0,39.226,71.872,72.514,95.487,77.33,209.214,12.118,107.105,40.0,,,,,,,,0,,
2026-08-22T13:42:10+0800,112.959,93.383,19.117,temp=50.5'C,throttled=0x0,15.0,2.01,117.594,145.769,250.937,0,39.226,71.872,72.514,95.487,77.33,209.214,12.064,107.105,40.0,,,,,,,,0,,
2026-08-22T13:42:11+0800,109.317,93.375,19.117,temp=50.5'C,throttled=0x0,15.0,2.009,117.656,145.769,246.95,0,39.226,71.882,72.536,95.487,77.33,209.214,12.053,107.105,40.0,,,,,,,,0,,
2026-08-22T13:42:12+0800,114.185,93.246,19.117,temp=50.5'C,throttled=0x0,15.0,2.009,117.594,145.777,261.235,0,39.226,71.983,72.551,95.487,77.33,209.214,12.041,107.105,40.0,,,,,,,,0,,
2026-08-22T13:42:13+0800,122.13,93.449,19.113,temp=51.0'C,throttled=0x0,15.0,2.009,117.79,147.62,271.633,0,36.791,71.983,72.551,95.487,77.33,209.214,11.997,108.291,40.0,,,,,,,,0,,
2026-08-22T13:42:14+0800,113.274,93.441,19.113,temp=51.0'C,throttled=0x0,15.0,2.009,117.656,147.62,336.808,0,36.791,71.983,72.536,95.487,77.33,209.214,12.032,108.291,40.0,,,,,,,,0,,
2026-08-22T13:42:15+0800,113.189,93.406,19.113,temp=51.0'C,throttled=0x0,15.0,2.009,117.79,147.62,293.273,0,36.717,71.983,72.551,95.487,77.33,209.214,12.058,107.105,40.0,,,,,,,,0,,
2026-08-22T13:42:16+0800,108.912,93.473,19.113,temp=50.5'C,throttled=0x0,15.0,2.009,117.656,147.62,343.202,0,36.717,71.983,72.551,95.487,77.33,209.214,12.024,108.94,40.0,,,,,,,,0,,
2026-08-22T13:42:17+0800,107.059,93.438,19.113,temp=50.5'C,throttled=0x0,15.0,2.009,117.79,145.777,399.28,0,36.717,71.882,72.551,94.289,77.33,209.214,12.026,108.94,40.0,,,,,,,,0,,
2026-08-22T13:42:18+0800,114.485,95.188,19.113,temp=50.5'C,throttled=0x0,15.0,2.008,117.656,146.49,359.492,0,36.791,71.983,72.61,94.289,77.33,209.214,12.015,108.94,40.0,,,,,,,,0,,
2026-08-22T13:42:19+0800,114.186,96.289,19.113,temp=51.0'C,throttled=0x0,15.0,2.008,117.79,146.79,442.381,0,36.791,71.983,72.61,94.289,77.33,209.214,12.014,108.94,40.0,,,,,,,,0,,
2026-08-22T13:42:20+0800,123.06,96.562,19.113,temp=51.0'C,throttled=0x0,15.0,2.008,117.656,146.79,381.863,0,36.791,71.983,72.621,94.289,77.33,209.214,11.909,108.94,40.0,,,,,,,,0,,
2026-08-22T13:42:21+0800,115.913,93.566,19.113,temp=51.0'C,throttled=0x0,15.0,2.008,117.656,146.79,488.329,0,36.717,71.983,72.621,95.487,77.33,209.214,11.804,110.273,40.0,,,,,,,,0,,
2026-08-22T13:42:22+0800,109.926,93.457,19.113,temp=51.5'C,throttled=0x0,15.0,2.008,117.656,147.62,10.439,0,36.717,71.983,72.636,95.487,77.33,209.214,11.824,108.989,40.0,,,,,,,,0,,
2026-08-22T13:42:23+0800,111.098,93.414,19.113,temp=50.5'C,throttled=0x0,15.0,2.008,117.79,147.62,475.963,0,36.717,71.983,72.636,95.487,77.33,209.214,11.815,108.989,40.0,,,,,,,,0,,
2026-08-22T13:42:24+0800,112.098,93.52,19.113,temp=50.5'C,throttled=0x0,15.0,2.008,117.656,147.62,50.394,0,36.717,71.983,72.659,95.487,77.33,209.214,12.002,106.386,40.0,,,,,,,,0,,
2026-08-22T13:42:25+0800,108.881,93.512,19.113,temp=51.5'C,throttled=0x0,15.0,2.007,117.656,147.62,67.659,0,36.791,71.983,72.66,95.487,77.33,209.214,12.185,105.101,40.0,,,,,,,,0,,
2026-08-22T13:42:26+0800,108.193,93.473,19.113,temp=51.5'C,throttled=0x0,15.0,2.008,117.656,148.983,84.828,0,36.125,71.983,72.701,95.487,77.33,209.214,12.357,102.998,40.0,,,,,,,,0,,
2026-08-22T13:42:27+0800,113.254,93.559,19.109,temp=51.5'C,throttled=0x0,15.0,2.007,117.656,147.62,25.95,0,36.717,71.882,72.703,95.487,77.33,209.214,12.317,102.998,40.0,,,,,,,,0,,
2026-08-22T13:42:28+0800,117.112,93.492,19.109,temp=51.5'C,throttled=0x0,15.0,2.007,117.656,147.62,63.758,0,36.717,71.882,72.756,95.487,77.33,209.214,12.164,105.174,40.0,,,,,,,,0,,
2026-08-22T13:42:29+0800,110.122,93.422,19.109,temp=51.5'C,throttled=0x0,15.0,2.007,117.656,147.62,497.763,0,36.717,71.882,72.767,95.487,77.33,209.214,12.227,104.805,40.0,,,,,,,,0,,
2026-08-22T13:42:30+0800,113.151,93.555,19.105,temp=51.5'C,throttled=0x0,15.0,2.007,117.594,147.62,85.416,0,36.717,71.882,72.779,95.487,117.081,209.214,12.34,102.698,40.0,,,,,,,,0,,
2026-08-22T13:42:31+0800,108.313,93.48,19.105,temp=52.1'C,throttled=0x0,15.0,2.007,117.656,147.62,107.838,0,36.717,71.882,72.779,95.487,117.081,209.214,12.328,102.698,40.0,,,,,,,,0,,
2026-08-22T13:42:32+0800,113.277,93.531,19.102,temp=51.5'C,throttled=0x0,15.0,2.007,117.594,147.62,131.688,0,36.791,71.882,72.804,95.487,117.081,209.214,12.324,102.698,40.0,,,,,,,,0,,
2026-08-22T13:42:33+0800,112.207,93.645,19.102,temp=52.1'C,throttled=0x0,15.0,2.007,117.656,147.62,164.542,0,36.791,71.882,72.915,95.487,117.081,209.214,12.342,102.698,40.0,,,,,,,,0,,
2026-08-22T13:42:34+0800,107.265,93.523,19.102,temp=51.5'C,throttled=0x0,15.0,2.007,117.594,147.62,196.606,0,36.791,71.882,72.915,95.487,117.081,209.214,12.351,102.698,40.0,,,,,,,,0,,
2026-08-22T13:42:35+0800,107.372,93.473,19.102,temp=51.5'C,throttled=0x0,15.0,2.007,117.656,147.62,194.842,0,36.791,71.882,72.868,95.487,117.081,209.214,12.323,102.698,40.0,,,,,,,,0,,
2026-08-22T13:42:36+0800,108.275,93.461,19.102,temp=51.5'C,throttled=0x0,15.0,2.006,117.656,147.62,211.163,0,37.365,71.882,72.915,95.487,125.262,209.214,12.375,100.84,40.0,,,,,,,,0,,
2026-08-22T13:42:37+0800,111.211,93.582,19.102,temp=52.1'C,throttled=0x0,15.0,2.006,117.656,147.62,186.149,0,36.791,71.882,72.915,95.487,125.262,209.214,12.33,101.432,40.0,,,,,,,,0,,
2026-08-22T13:42:38+0800,108.28,93.512,19.102,temp=52.1'C,throttled=0x0,15.0,2.006,117.656,147.62,212.717,0,37.365,71.872,72.975,95.485,125.262,209.214,12.339,100.84,40.0,,,,,,,,0,,
2026-08-22T13:42:39+0800,109.505,93.402,19.102,temp=52.1'C,throttled=0x0,15.0,2.006,117.656,147.62,269.759,0,36.791,71.872,72.915,95.485,125.262,209.214,12.346,100.82,40.0,,,,,,,,0,,
2026-08-22T13:42:40+0800,108.363,93.5,19.102,temp=52.6'C,throttled=0x0,15.0,2.006,117.656,147.62,427.563,0,36.791,71.872,72.915,95.485,125.262,209.214,12.409,100.82,40.0,,,,,,,,0,,
2026-08-22T13:42:41+0800,104.294,93.531,19.102,temp=51.5'C,throttled=0x0,15.0,2.006,117.656,147.62,427.563,0,36.791,71.872,72.915,95.485,125.262,209.214,12.536,98.864,40.0,,,,,,,,0,,
2026-08-22T13:42:42+0800,105.438,93.457,19.102,temp=52.6'C,throttled=0x0,15.0,2.006,117.656,147.62,427.563,0,36.791,71.872,72.915,95.485,125.262,209.214,12.595,98.158,40.0,,,,,,,,0,,
2026-08-22T13:42:43+0800,107.247,93.566,19.102,temp=52.1'C,throttled=0x0,15.0,2.006,117.656,147.62,427.563,0,36.791,71.872,72.915,95.485,125.262,209.214,12.623,98.864,40.0,,,,,,,,0,,
2026-08-22T13:42:44+0800,111.293,93.457,19.102,temp=52.1'C,throttled=0x0,15.0,2.006,117.79,147.62,324.942,0,37.365,71.872,72.975,95.485,125.262,209.214,12.613,98.864,40.0,,,,,,,,0,,
2026-08-22T13:42:45+0800,112.109,93.582,19.102,temp=52.6'C,throttled=0x0,15.0,2.006,117.656,148.983,368.097,0,37.365,71.872,73.024,95.485,125.262,209.214,12.542,100.231,40.0,,,,,,,,0,,
2026-08-22T13:42:46+0800,108.279,93.5,19.102,temp=52.1'C,throttled=0x0,15.0,2.006,117.79,148.983,389.753,0,36.791,71.872,72.975,95.485,125.262,209.214,12.547,100.231,40.0,,,,,,,,0,,
2026-08-22T13:42:47+0800,107.236,93.508,19.102,temp=52.6'C,throttled=0x0,15.0,2.006,117.656,149.13,381.536,0,37.365,71.872,73.024,95.485,125.262,209.214,12.627,99.351,40.0,,,,,,,,0,,
2026-08-22T13:42:48+0800,114.935,96.312,19.102,temp=52.6'C,throttled=0x0,15.0,2.006,118.057,149.13,409.462,0,36.791,71.872,72.975,95.485,125.262,209.214,12.761,98.0,40.0,,,,,,,,0,,
2026-08-22T13:42:49+0800,115.955,96.5,19.102,temp=52.6'C,throttled=0x0,15.0,2.006,117.79,149.13,420.324,0,37.365,71.872,73.041,95.485,125.262,209.214,12.766,98.0,40.0,,,,,,,,0,,
2026-08-22T13:42:50+0800,110.417,93.637,19.102,temp=52.6'C,throttled=0x0,15.0,2.005,117.79,149.13,424.869,0,36.791,71.872,73.024,95.485,125.262,209.214,12.765,98.068,40.0,,,,,,,,0,,
2026-08-22T13:42:51+0800,105.284,93.43,19.102,temp=53.2'C,throttled=0x0,15.0,2.005,117.728,149.13,24.966,0,36.791,71.872,73.049,95.485,125.262,209.214,12.78,98.068,40.0,,,,,,,,0,,
2026-08-22T13:42:52+0800,111.279,93.48,19.102,temp=53.7'C,throttled=0x0,15.0,2.005,117.728,149.091,18.034,0,36.717,71.872,73.041,95.485,125.262,209.214,12.804,98.0,40.0,,,,,,,,0,,
