frame_id,scenario,face_expected
qvga-ab-20260812-123419.mjpeg:000000,frontal,1
qvga-ab-20260812-123419.mjpeg:000001,frontal,1
qvga-ab-20260812-123419.mjpeg:000002,frontal,1
qvga-ab-20260812-123419.mjpeg:000003,frontal,1
qvga-ab-20260812-123419.mjpeg:000004,frontal,1
qvga-ab-20260812-123419.mjpeg:000005,frontal,1
qvga-ab-20260812-123419.mjpeg:000006,frontal,1
qvga-ab-20260812-123419.mjpeg:000007,frontal,1
qvga-ab-20260812-123419.mjpeg:000008,frontal,1
qvga-ab-20260812-123419.mjpeg:000009,frontal,1
qvga-ab-20260812-123419.mjpeg:000010,frontal,1
qvga-ab-20260812-123419.mjpeg:000011,frontal,1
qvga-ab-20260812-123419.mjpeg:000012,frontal,1
qvga-ab-20260812-123419.mjpeg:000013,frontal,1
qvga-ab-20260812-123419.mjpeg:000014,frontal,1
qvga-ab-20260812-123419.mjpeg:000015,frontal,1
qvga-ab-20260812-123419.mjpeg:000016,frontal,1
qvga-ab-20260812-123419.mjpeg:000017,frontal,1
qvga-ab-20260812-123419.mjpeg:000018,frontal,1
qvga-ab-20260812-123419.mjpeg:000019,frontal,1
qvga-ab-20260812-123419.mjpeg:000020,frontal,1
qvga-ab-20260812-123419.mjpeg:000021,frontal,1
qvga-ab-20260812-123419.mjpeg:000022,frontal,1
qvga-ab-20260812-123419.mjpeg:000023,frontal,1
qvga-ab-20260812-123419.mjpeg:000024,frontal,1
qvga-ab-20260812-123419.mjpeg:000025,frontal,1
qvga-ab-20260812-123419.mjpeg:000026,frontal,1
qvga-ab-20260812-123419.mjpeg:000027,frontal,1
qvga-ab-20260812-123419.mjpeg:000028,frontal,1
qvga-ab-20260812-123419.mjpeg:000029,frontal,1
qvga-ab-20260812-123419.mjpeg:000030,frontal,1
qvga-ab-20260812-123419.mjpeg:000031,frontal,1
qvga-ab-20260812-123419.mjpeg:000032,frontal,1
qvga-ab-20260812-123419.mjpeg:000033,frontal,1
qvga-ab-20260812-123419.mjpeg:000034,frontal,1
qvga-ab-20260812-123419.mjpeg:000035,frontal,1
qvga-ab-20260812-123419.mjpeg:000036,frontal,1
qvga-ab-20260812-123419.mjpeg:000037,frontal,1
qvga-ab-20260812-123419.mjpeg:000038,frontal,1
qvga-ab-20260812-123419.mjpeg:000039,frontal,1
qvga-ab-20260812-123419.mjpeg:000040,frontal,1
qvga-ab-20260812-123419.mjpeg:000041,frontal,1
qvga-ab-20260812-123419.mjpeg:000042,frontal,1
qvga-ab-20260812-123419.mjpeg:000043,frontal,1
qvga-ab-20260812-123419.mjpeg:000044,frontal,1
qvga-ab-20260812-123419.mjpeg:000045,frontal,1
qvga-ab-20260812-123419.mjpeg:000046,frontal,1
qvga-ab-20260812-123419.mjpeg:000047,frontal,1
qvga-ab-20260812-123419.mjpeg:000048,frontal,1
qvga-ab-20260812-123419.mjpeg:000049,frontal,1
qvga-ab-20260812-123419.mjpeg:000050,frontal,1
qvga-ab-20260812-123419.mjpeg:000051,frontal,1
qvga-ab-20260812-123419.mjpeg:000052,frontal,1
qvga-ab-20260812-123419.mjpeg:000053,frontal,1
qvga-ab-20260812-123419.mjpeg:000054,frontal,1
qvga-ab-20260812-123419.mjpeg:000055,frontal,1
qvga-ab-20260812-123419.mjpeg:000056,frontal,1
qvga-ab-20260812-123419.mjpeg:000057,frontal,1
qvga-ab-20260812-123419.mjpeg:000058,frontal,1
qvga-ab-20260812-123419.mjpeg:000059,frontal,1
qvga-ab-20260812-123419.mjpeg:000060,frontal,1
qvga-ab-20260812-123419.mjpeg:000061,frontal,1
qvga-ab-20260812-123419.mjpeg:000062,frontal,1
qvga-ab-20260812-123419.mjpeg:000063,frontal,1
qvga-ab-20260812-123419.mjpeg:000064,frontal,1
qvga-ab-20260812-123419.mjpeg:000065,frontal,1
qvga-ab-20260812-123419.mjpeg:000066,frontal,1
qvga-ab-20260812-123419.mjpeg:000067,frontal,1
qvga-ab-20260812-123419.mjpeg:000068,frontal,1
qvga-ab-20260812-123419.mjpeg:000069,frontal,1
qvga-ab-20260812-123419.mjpeg:000070,frontal,1
qvga-ab-20260812-123419.mjpeg:000071,frontal,1
qvga-ab-20260812-123419.mjpeg:000072,frontal,1
qvga-ab-20260812-123419.mjpeg:000073,frontal,1
qvga-ab-20260812-123419.mjpeg:000074,frontal,1
qvga-ab-20260812-123419.mjpeg:000075,frontal,1
qvga-ab-20260812-123419.mjpeg:000076,frontal,1
qvga-ab-20260812-123419.mjpeg:000077,frontal,1
qvga-ab-20260812-123419.mjpeg:000078,frontal,1
qvga-ab-20260812-123419.mjpeg:000079,frontal,1
qvga-ab-20260812-123419.mjpeg:000080,frontal,1
qvga-ab-20260812-123419.mjpeg:000081,frontal,1
qvga-ab-20260812-123419.mjpeg:000082,frontal,1
qvga-ab-20260812-123419.mjpeg:000083,frontal,1
qvga-ab-20260812-123419.mjpeg:000084,frontal,1
qvga-ab-20260812-123419.mjpeg:000085,frontal,1
qvga-ab-20260812-123419.mjpeg:000086,frontal,1
qvga-ab-20260812-123419.mjpeg:000087,frontal,1
qvga-ab-20260812-123419.mjpeg:000088,frontal,1
qvga-ab-20260812-123419.mjpeg:000089,frontal,1
qvga-ab-20260812-123419.mjpeg:000090,frontal,1
qvga-ab-20260812-123419.mjpeg:000091,frontal,1
qvga-ab-20260812-123419.mjpeg:000092,frontal,1
qvga-ab-20260812-123419.mjpeg:000093,frontal,1
qvga-ab-20260812-123419.mjpeg:000094,frontal,1
qvga-ab-20260812-123419.mjpeg:000095,frontal,1
qvga-ab-20260812-123419.mjpeg:000096,frontal,1
qvga-ab-20260812-123419.mjpeg:000097,frontal,1
qvga-ab-20260812-123419.mjpeg:000098,frontal,1
qvga-ab-20260812-123419.mjpeg:000099,frontal,1
qvga-ab-20260812-123419.mjpeg:000100,frontal,1
qvga-ab-20260812-123419.mjpeg:000101,frontal,1
qvga-ab-20260812-123419.mjpeg:000102,frontal,1
qvga-ab-20260812-123419.mjpeg:000103,frontal,1
qvga-ab-20260812-123419.mjpeg:000104,frontal,1
qvga-ab-20260812-123419.mjpeg:000105,frontal,1
qvga-ab-20260812-123419.mjpeg:000106,frontal,1
qvga-ab-20260812-123419.mjpeg:000107,frontal,1
qvga-ab-20260812-123419.mjpeg:000108,frontal,1
qvga-ab-20260812-123419.mjpeg:000109,frontal,1
qvga-ab-20260812-123419.mjpeg:000110,frontal,1
qvga-ab-20260812-123419.mjpeg:000111,frontal,1
qvga-ab-20260812-123419.mjpeg:000112,frontal,1
qvga-ab-20260812-123419.mjpeg:000113,frontal,1
qvga-ab-20260812-123419.mjpeg:000114,frontal,1
qvga-ab-20260812-123419.mjpeg:000115,frontal,1
qvga-ab-20260812-123419.mjpeg:000116,frontal,1
qvga-ab-20260812-123419.mjpeg:000117,frontal,1
qvga-ab-20260812-123419.mjpeg:000118,frontal,1
qvga-ab-20260812-123419.mjpeg:000119,frontal,1
qvga-ab-20260812-123419.mjpeg:000120,frontal,1
qvga-ab-20260812-123419.mjpeg:000121,frontal,1
qvga-ab-20260812-123419.mjpeg:000122,frontal,1
qvga-ab-20260812-123419.mjpeg:000123,frontal,1
qvga-ab-20260812-123419.mjpeg:000124,frontal,1
qvga-ab-20260812-123419.mjpeg:000125,frontal,1
qvga-ab-20260812-123419.mjpeg:000126,frontal,1
qvga-ab-20260812-123419.mjpeg:000127,frontal,1
qvga-ab-20260812-123419.mjpeg:000128,frontal,1
qvga-ab-20260812-123419.mjpeg:000129,frontal,1
qvga-ab-20260812-123419.mjpeg:000130,frontal,1
qvga-ab-20260812-123419.mjpeg:000131,frontal,1
qvga-ab-20260812-123419.mjpeg:000132,frontal,1
qvga-ab-20260812-123419.mjpeg:000133,frontal,1
qvga-ab-20260812-123419.mjpeg:000134,frontal,1
qvga-ab-20260812-123419.mjpeg:000135,frontal,1
qvga-ab-20260812-123419.mjpeg:000136,frontal,1
qvga-ab-20260812-123419.mjpeg:000137,frontal,1
qvga-ab-20260812-123419.mjpeg:000138,frontal,1
qvga-ab-20260812-123419.mjpeg:000139,frontal,1
qvga-ab-20260812-123419.mjpeg:000140,frontal,1
qvga-ab-20260812-123419.mjpeg:000141,frontal,1
qvga-ab-20260812-123419.mjpeg:000142,frontal,1
qvga-ab-20260812-123419.mjpeg:000143,frontal,1
qvga-ab-20260812-123419.mjpeg:000144,frontal,1
qvga-ab-20260812-123419.mjpeg:000145,frontal,1
qvga-ab-20260812-123419.mjpeg:000146,frontal,1
qvga-ab-20260812-123419.mjpeg:000147,frontal,1
qvga-ab-20260812-123419.mjpeg:000148,frontal,1
qvga-ab-20260812-123419.mjpeg:000149,frontal,1
qvga-ab-20260812-123419.mjpeg:000150,frontal,1
qvga-ab-20260812-123419.mjpeg:000151,frontal,1
qvga-ab-20260812-123419.mjpeg:000152,frontal,1
qvga-ab-20260812-123419.mjpeg:000153,frontal,1
qvga-ab-20260812-123419.mjpeg:000154,frontal,1
qvga-ab-20260812-123419.mjpeg:000155,frontal,1
qvga-ab-20260812-123419.mjpeg:000156,frontal,1
qvga-ab-20260812-123419.mjpeg:000157,frontal,1
qvga-ab-20260812-123419.mjpeg:000158,frontal,1
qvga-ab-20260812-123419.mjpeg:000159,frontal,1
qvga-ab-20260812-123419.mjpeg:000160,frontal,1
qvga-ab-20260812-123419.mjpeg:000161,frontal,1
qvga-ab-20260812-123419.mjpeg:000162,frontal,1
qvga-ab-20260812-123419.mjpeg:000163,frontal,1
qvga-ab-20260812-123419.mjpeg:000164,frontal,1
qvga-ab-20260812-123419.mjpeg:000165,frontal,1
qvga-ab-20260812-123419.mjpeg:000166,frontal,1
qvga-ab-20260812-123419.mjpeg:000167,frontal,1
qvga-ab-20260812-123419.mjpeg:000168,frontal,1
qvga-ab-20260812-123419.mjpeg:000169,frontal,1
qvga-ab-20260812-123419.mjpeg:000170,frontal,1
qvga-ab-20260812-123419.mjpeg:000171,frontal,1
qvga-ab-20260812-123419.mjpeg:000172,frontal,1
qvga-ab-20260812-123419.mjpeg:000173,frontal,1
qvga-ab-20260812-123419.mjpeg:000174,frontal,1
qvga-ab-20260812-123419.mjpeg:000175,frontal,1
qvga-ab-20260812-123419.mjpeg:000176,frontal,1
qvga-ab-20260812-123419.mjpeg:000177,frontal,1
qvga-ab-20260812-123419.mjpeg:000178,frontal,1
qvga-ab-20260812-123419.mjpeg:000179,frontal,1
qvga-ab-20260812-123419.mjpeg:000180,frontal,1
qvga-ab-20260812-123419.mjpeg:000181,frontal,1
qvga-ab-20260812-123419.mjpeg:000182,frontal,1
qvga-ab-20260812-123419.mjpeg:000183,frontal,1
qvga-ab-20260812-123419.mjpeg:000184,frontal,1
qvga-ab-20260812-123419.mjpeg:000185,frontal,1
qvga-ab-20260812-123419.mjpeg:000186,frontal,1
qvga-ab-20260812-123419.mjpeg:000187,frontal,1
qvga-ab-20260812-123419.mjpeg:000188,frontal,1
qvga-ab-20260812-123419.mjpeg:000189,frontal,1
qvga-ab-20260812-123419.mjpeg:000190,frontal,1
qvga-ab-20260812-123419.mjpeg:000191,frontal,1
qvga-ab-20260812-123419.mjpeg:000192,frontal,1
qvga-ab-20260812-123419.mjpeg:000193,frontal,1
qvga-ab-20260812-123419.mjpeg:000194,frontal,1
qvga-ab-20260812-123419.mjpeg:000195,frontal,1
qvga-ab-20260812-123419.mjpeg:000196,frontal,1
qvga-ab-20260812-123419.mjpeg:000197,frontal,1
qvga-ab-20260812-123419.mjpeg:000198,frontal,1
qvga-ab-20260812-123419.mjpeg:000199,frontal,1
qvga-ab-20260812-123419.mjpeg:000200,frontal,1
qvga-ab-20260812-123419.mjpeg:000201,frontal,1
qvga-ab-20260812-123419.mjpeg:000202,frontal,1
qvga-ab-20260812-123419.mjpeg:000203,frontal,1
qvga-ab-20260812-123419.mjpeg:000204,frontal,1
qvga-ab-20260812-123419.mjpeg:000205,frontal,1
qvga-ab-20260812-123419.mjpeg:000206,frontal,1
qvga-ab-20260812-123419.mjpeg:000207,frontal,1
qvga-ab-20260812-123419.mjpeg:000208,frontal,1
qvga-ab-20260812-123419.mjpeg:000209,frontal,1
qvga-ab-20260812-123419.mjpeg:000210,frontal,1
qvga-ab-20260812-123419.mjpeg:000211,frontal,1
qvga-ab-20260812-123419.mjpeg:000212,frontal,1
qvga-ab-20260812-123419.mjpeg:000213,frontal,1
qvga-ab-20260812-123419.mjpeg:000214,frontal,1
qvga-ab-20260812-123419.mjpeg:000215,frontal,1
qvga-ab-20260812-123419.mjpeg:000216,frontal,1
qvga-ab-20260812-123419.mjpeg:000217,frontal,1
qvga-ab-20260812-123419.mjpeg:000218,frontal,1
qvga-ab-20260812-123419.mjpeg:000219,frontal,1
qvga-ab-20260812-123419.mjpeg:000220,frontal,1
qvga-ab-20260812-123419.mjpeg:000221,frontal,1
qvga-ab-20260812-123419.mjpeg:000222,frontal,1
qvga-ab-20260812-123419.mjpeg:000223,frontal,1
qvga-ab-20260812-123419.mjpeg:000224,frontal,1
qvga-ab-20260812-123419.mjpeg:000225,frontal,1
qvga-ab-20260812-123419.mjpeg:000226,frontal,1
qvga-ab-20260812-123419.mjpeg:000227,frontal,1
qvga-ab-20260812-123419.mjpeg:000228,frontal,1
qvga-ab-20260812-123419.mjpeg:000229,frontal,1
qvga-ab-20260812-123419.mjpeg:000230,frontal,1
qvga-ab-20260812-123419.mjpeg:000231,frontal,1
qvga-ab-20260812-123419.mjpeg:000232,frontal,1
qvga-ab-20260812-123419.mjpeg:000233,frontal,1
qvga-ab-20260812-123419.mjpeg:000234,frontal,1
qvga-ab-20260812-123419.mjpeg:000235,frontal,1
qvga-ab-20260812-123419.mjpeg:000236,frontal,1
qvga-ab-20260812-123419.mjpeg:000237,frontal,1
qvga-ab-20260812-123419.mjpeg:000238,frontal,1
qvga-ab-20260812-123419.mjpeg:000239,frontal,1
qvga-ab-20260812-123419.mjpeg:000240,frontal,1
qvga-ab-20260812-123419.mjpeg:000241,frontal,1
qvga-ab-20260812-123419.mjpeg:000242,frontal,1
qvga-ab-20260812-123419.mjpeg:000243,frontal,1
qvga-ab-20260812-123419.mjpeg:000244,frontal,1
qvga-ab-20260812-123419.mjpeg:000245,frontal,1
qvga-ab-20260812-123419.mjpeg:000246,frontal,1
qvga-ab-20260812-123419.mjpeg:000247,frontal,1
qvga-ab-20260812-123419.mjpeg:000248,frontal,1
qvga-ab-20260812-123419.mjpeg:000249,frontal,1
qvga-ab-20260812-123419.mjpeg:000250,frontal,1
qvga-ab-20260812-123419.mjpeg:000251,frontal,1
qvga-ab-20260812-123419.mjpeg:000252,frontal,1
qvga-ab-20260812-123419.mjpeg:000253,frontal,1
qvga-ab-20260812-123419.mjpeg:000254,frontal,1
qvga-ab-20260812-123419.mjpeg:000255,frontal,1
qvga-ab-20260812-123419.mjpeg:000256,frontal,1
qvga-ab-20260812-123419.mjpeg:000257,frontal,1
qvga-ab-20260812-123419.mjpeg:000258,frontal,1
qvga-ab-20260812-123419.mjpeg:000259,frontal,1
qvga-ab-20260812-123419.mjpeg:000260,frontal,1
qvga-ab-20260812-123419.mjpeg:000261,frontal,1
qvga-ab-20260812-123419.mjpeg:000262,frontal,1
qvga-ab-20260812-123419.mjpeg:000263,frontal,1
qvga-ab-20260812-123419.mjpeg:000264,frontal,1
qvga-ab-20260812-123419.mjpeg:000265,frontal,1
qvga-ab-20260812-123419.mjpeg:000266,frontal,1
qvga-ab-20260812-123419.mjpeg:000267,frontal,1
qvga-ab-20260812-123419.mjpeg:000268,frontal,1
qvga-ab-20260812-123419.mjpeg:000269,frontal,1
qvga-ab-20260812-123419.mjpeg:000270,frontal,1
qvga-ab-20260812-123419.mjpeg:000271,frontal,1
qvga-ab-20260812-123419.mjpeg:000272,frontal,1
qvga-ab-20260812-123419.mjpeg:000273,frontal,1
qvga-ab-20260812-123419.mjpeg:000274,frontal,1
qvga-ab-20260812-123419.mjpeg:000275,frontal,1
qvga-ab-20260812-123419.mjpeg:000276,frontal,1
qvga-ab-20260812-123419.mjpeg:000277,frontal,1
qvga-ab-20260812-123419.mjpeg:000278,frontal,1
qvga-ab-20260812-123419.mjpeg:000279,frontal,1
qvga-ab-20260812-123419.mjpeg:000280,frontal,1
qvga-ab-20260812-123419.mjpeg:000281,frontal,1
qvga-ab-20260812-123419.mjpeg:000282,frontal,1
qvga-ab-20260812-123419.mjpeg:000283,frontal,1
qvga-ab-20260812-123419.mjpeg:000284,frontal,1
qvga-ab-20260812-123419.mjpeg:000285,frontal,1
qvga-ab-20260812-123419.mjpeg:000286,frontal,1
qvga-ab-20260812-123419.mjpeg:000287,frontal,1
qvga-ab-20260812-123419.mjpeg:000288,frontal,1
qvga-ab-20260812-123419.mjpeg:000289,frontal,1
qvga-ab-20260812-123419.mjpeg:000290,frontal,1
qvga-ab-20260812-123419.mjpeg:000291,frontal,1
qvga-ab-20260812-123419.mjpeg:000292,frontal,1
qvga-ab-20260812-123419.mjpeg:000293,frontal,1
qvga-ab-20260812-123419.mjpeg:000294,frontal,1
qvga-ab-20260812-123419.mjpeg:000295,frontal,1
qvga-ab-20260812-123419.mjpeg:000296,frontal,1
qvga-ab-20260812-123419.mjpeg:000297,frontal,1
qvga-ab-20260812-123419.mjpeg:000298,frontal,1
qvga-ab-20260812-123419.mjpeg:000299,frontal,1
qvga-ab-20260812-123419.mjpeg:000300,frontal,1
qvga-ab-20260812-123419.mjpeg:000301,frontal,1
qvga-ab-20260812-123419.mjpeg:000302,frontal,1
qvga-ab-20260812-123419.mjpeg:000303,frontal,1
qvga-ab-20260812-123419.mjpeg:000304,frontal,1
qvga-ab-20260812-123419.mjpeg:000305,frontal,1
qvga-ab-20260812-123419.mjpeg:000306,frontal,1
qvga-ab-20260812-123419.mjpeg:000307,frontal,1
qvga-ab-20260812-123419.mjpeg:000308,frontal,1
qvga-ab-20260812-123419.mjpeg:000309,frontal,1
qvga-ab-20260812-123419.mjpeg:000310,frontal,1
qvga-ab-20260812-123419.mjpeg:000311,frontal,1
qvga-ab-20260812-123419.mjpeg:000312,frontal,1
qvga-ab-20260812-123419.mjpeg:000313,frontal,1
qvga-ab-20260812-123419.mjpeg:000314,frontal,1
qvga-ab-20260812-123419.mjpeg:000315,frontal,1
qvga-ab-20260812-123419.mjpeg:000316,frontal,1
qvga-ab-20260812-123419.mjpeg:000317,frontal,1
qvga-ab-20260812-123419.mjpeg:000318,frontal,1
qvga-ab-20260812-123419.mjpeg:000319,frontal,1
qvga-ab-20260812-123419.mjpeg:000320,frontal,1
qvga-ab-20260812-123419.mjpeg:000321,frontal,1
qvga-ab-20260812-123419.mjpeg:000322,frontal,1
qvga-ab-20260812-123419.mjpeg:000323,frontal,1
qvga-ab-20260812-123419.mjpeg:000324,frontal,1
qvga-ab-20260812-123419.mjpeg:000325,frontal,1
qvga-ab-20260812-123419.mjpeg:000326,frontal,1
qvga-ab-20260812-123419.mjpeg:000327,frontal,1
qvga-ab-20260812-123419.mjpeg:000328,frontal,1
qvga-ab-20260812-123419.mjpeg:000329,frontal,1
qvga-ab-20260812-123419.mjpeg:000330,frontal,1
qvga-ab-20260812-123419.mjpeg:000331,frontal,1
qvga-ab-20260812-123419.mjpeg:000332,frontal,1
qvga-ab-20260812-123419.mjpeg:000333,frontal,1
qvga-ab-20260812-123419.mjpeg:000334,frontal,1
qvga-ab-20260812-123419.mjpeg:000335,frontal,1
qvga-ab-20260812-123419.mjpeg:000336,frontal,1
qvga-ab-20260812-123419.mjpeg:000337,frontal,1
qvga-ab-20260812-123419.mjpeg:000338,frontal,1
qvga-ab-20260812-123419.mjpeg:000339,frontal,1
qvga-ab-20260812-123419.mjpeg:000340,frontal,1
qvga-ab-20260812-123419.mjpeg:000341,frontal,1
qvga-ab-20260812-123419.mjpeg:000342,frontal,1
qvga-ab-20260812-123419.mjpeg:000343,frontal,1
qvga-ab-20260812-123419.mjpeg:000344,frontal,1
qvga-ab-20260812-123419.mjpeg:000345,frontal,1
qvga-ab-20260812-123419.mjpeg:000346,frontal,1
qvga-ab-20260812-123419.mjpeg:000347,frontal,1
qvga-ab-20260812-123419.mjpeg:000348,frontal,1
qvga-ab-20260812-123419.mjpeg:000349,frontal,1
qvga-ab-20260812-123419.mjpeg:000350,frontal,1
qvga-ab-20260812-123419.mjpeg:000351,frontal,1
qvga-ab-20260812-123419.mjpeg:000352,frontal,1
qvga-ab-20260812-123419.mjpeg:000353,frontal,1
qvga-ab-20260812-123419.mjpeg:000354,frontal,1
qvga-ab-20260812-123419.mjpeg:000355,frontal,1
qvga-ab-20260812-123419.mjpeg:000356,frontal,1
qvga-ab-20260812-123419.mjpeg:000357,frontal,1
qvga-ab-20260812-123419.mjpeg:000358,frontal,1
qvga-ab-20260812-123419.mjpeg:000359,frontal,1
qvga-ab-20260812-123419.mjpeg:000360,empty,0
qvga-ab-20260812-123419.mjpeg:000361,empty,0
qvga-ab-20260812-123419.mjpeg:000362,empty,0
qvga-ab-20260812-123419.mjpeg:000363,empty,0
qvga-ab-20260812-123419.mjpeg:000364,empty,0
qvga-ab-20260812-123419.mjpeg:000365,empty,0
qvga-ab-20260812-123419.mjpeg:000366,empty,0
qvga-ab-20260812-123419.mjpeg:000367,empty,0
qvga-ab-20260812-123419.mjpeg:000368,empty,0
qvga-ab-20260812-123419.mjpeg:000369,empty,0
qvga-ab-20260812-123419.mjpeg:000370,empty,0
qvga-ab-20260812-123419.mjpeg:000371,empty,0
qvga-ab-20260812-123419.mjpeg:000372,empty,0
qvga-ab-20260812-123419.mjpeg:000373,empty,0
qvga-ab-20260812-123419.mjpeg:000374,empty,0
qvga-ab-20260812-123419.mjpeg:000375,empty,0
qvga-ab-20260812-123419.mjpeg:000376,empty,0
qvga-ab-20260812-123419.mjpeg:000377,empty,0
qvga-ab-20260812-123419.mjpeg:000378,empty,0
qvga-ab-20260812-123419.mjpeg:000379,empty,0
qvga-ab-20260812-123419.mjpeg:000380,empty,0
qvga-ab-20260812-123419.mjpeg:000381,empty,0
qvga-ab-20260812-123419.mjpeg:000382,empty,0
qvga-ab-20260812-123419.mjpeg:000383,empty,0
qvga-ab-20260812-123419.mjpeg:000384,empty,0
qvga-ab-20260812-123419.mjpeg:000385,empty,0
qvga-ab-20260812-123419.mjpeg:000386,empty,0
qvga-ab-20260812-123419.mjpeg:000387,empty,0
qvga-ab-20260812-123419.mjpeg:000388,empty,0
qvga-ab-20260812-123419.mjpeg:000389,empty,0
qvga-ab-20260812-123419.mjpeg:000390,empty,0
qvga-ab-20260812-123419.mjpeg:000391,empty,0
qvga-ab-20260812-123419.mjpeg:000392,empty,0
qvga-ab-20260812-123419.mjpeg:000393,empty,0
qvga-ab-20260812-123419.mjpeg:000394,empty,0
qvga-ab-20260812-123419.mjpeg:000395,empty,0
qvga-ab-20260812-123419.mjpeg:000396,empty,0
qvga-ab-20260812-123419.mjpeg:000397,empty,0
qvga-ab-20260812-123419.mjpeg:000398,empty,0
qvga-ab-20260812-123419.mjpeg:000399,empty,0
qvga-ab-20260812-123419.mjpeg:000400,empty,0
qvga-ab-20260812-123419.mjpeg:000401,empty,0
qvga-ab-20260812-123419.mjpeg:000402,empty,0
qvga-ab-20260812-123419.mjpeg:000403,empty,0
qvga-ab-20260812-123419.mjpeg:000404,empty,0
qvga-ab-20260812-123419.mjpeg:000405,frontal,1
qvga-ab-20260812-123419.mjpeg:000406,frontal,1
qvga-ab-20260812-123419.mjpeg:000407,frontal,1
qvga-ab-20260812-123419.mjpeg:000408,frontal,1
qvga-ab-20260812-123419.mjpeg:000409,frontal,1
qvga-ab-20260812-123419.mjpeg:000410,frontal,1
qvga-ab-20260812-123419.mjpeg:000411,frontal,1
qvga-ab-20260812-123419.mjpeg:000412,frontal,1
qvga-ab-20260812-123419.mjpeg:000413,frontal,1
qvga-ab-20260812-123419.mjpeg:000414,frontal,1
qvga-ab-20260812-123419.mjpeg:000415,frontal,1
qvga-ab-20260812-123419.mjpeg:000416,frontal,1
qvga-ab-20260812-123419.mjpeg:000417,frontal,1
qvga-ab-20260812-123419.mjpeg:000418,frontal,1
qvga-ab-20260812-123419.mjpeg:000419,frontal,1
qvga-ab-20260812-123419.mjpeg:000420,frontal,1
qvga-ab-20260812-123419.mjpeg:000421,frontal,1
qvga-ab-20260812-123419.mjpeg:000422,frontal,1
qvga-ab-20260812-123419.mjpeg:000423,frontal,1
qvga-ab-20260812-123419.mjpeg:000424,frontal,1
qvga-ab-20260812-123419.mjpeg:000425,frontal,1
qvga-ab-20260812-123419.mjpeg:000426,frontal,1
qvga-ab-20260812-123419.mjpeg:000427,frontal,1
qvga-ab-20260812-123419.mjpeg:000428,frontal,1
qvga-ab-20260812-123419.mjpeg:000429,frontal,1
qvga-ab-20260812-123419.mjpeg:000430,frontal,1
qvga-ab-20260812-123419.mjpeg:000431,frontal,1
qvga-ab-20260812-123419.mjpeg:000432,frontal,1
qvga-ab-20260812-123419.mjpeg:000433,frontal,1
qvga-ab-20260812-123419.mjpeg:000434,frontal,1
qvga-ab-20260812-123419.mjpeg:000435,frontal,1
qvga-ab-20260812-123419.mjpeg:000436,frontal,1
qvga-ab-20260812-123419.mjpeg:000437,frontal,1
qvga-ab-20260812-123419.mjpeg:000438,frontal,1
qvga-ab-20260812-123419.mjpeg:000439,frontal,1
qvga-ab-20260812-123419.mjpeg:000440,frontal,1
qvga-ab-20260812-123419.mjpeg:000441,frontal,1
qvga-ab-20260812-123419.mjpeg:000442,frontal,1
qvga-ab-20260812-123419.mjpeg:000443,frontal,1
qvga-ab-20260812-123419.mjpeg:000444,frontal,1
qvga-ab-20260812-123419.mjpeg:000445,frontal,1
qvga-ab-20260812-123419.mjpeg:000446,frontal,1
qvga-ab-20260812-123419.mjpeg:000447,frontal,1
qvga-ab-20260812-123419.mjpeg:000448,frontal,1
qvga-ab-20260812-123419.mjpeg:000449,frontal,1
qvga-ab-20260812-123419.mjpeg:000450,frontal,1
qvga-ab-20260812-123419.mjpeg:000451,frontal,1
qvga-ab-20260812-123419.mjpeg:000452,frontal,1
qvga-ab-20260812-123419.mjpeg:000453,frontal,1
qvga-ab-20260812-123419.mjpeg:000454,frontal,1
qvga-ab-20260812-123419.mjpeg:000455,frontal,1
qvga-ab-20260812-123419.mjpeg:000456,frontal,1
qvga-ab-20260812-123419.mjpeg:000457,frontal,1
qvga-ab-20260812-123419.mjpeg:000458,frontal,1
qvga-ab-20260812-123419.mjpeg:000459,frontal,1
qvga-ab-20260812-123419.mjpeg:000460,frontal,1
qvga-ab-20260812-123419.mjpeg:000461,frontal,1
qvga-ab-20260812-123419.mjpeg:000462,frontal,1
qvga-ab-20260812-123419.mjpeg:000463,frontal,1
qvga-ab-20260812-123419.mjpeg:000464,frontal,1
qvga-ab-20260812-123419.mjpeg:000465,profile,1
qvga-ab-20260812-123419.mjpeg:000466,profile,1
qvga-ab-20260812-123419.mjpeg:000467,profile,1
qvga-ab-20260812-123419.mjpeg:000468,profile,1
qvga-ab-20260812-123419.mjpeg:000469,profile,1
qvga-ab-20260812-123419.mjpeg:000470,profile,1
qvga-ab-20260812-123419.mjpeg:000471,profile,1
qvga-ab-20260812-123419.mjpeg:000472,profile,1
qvga-ab-20260812-123419.mjpeg:000473,profile,1
qvga-ab-20260812-123419.mjpeg:000474,profile,1
qvga-ab-20260812-123419.mjpeg:000475,profile,1
qvga-ab-20260812-123419.mjpeg:000476,profile,1
qvga-ab-20260812-123419.mjpeg:000477,profile,1
qvga-ab-20260812-123419.mjpeg:000478,profile,1
qvga-ab-20260812-123419.mjpeg:000479,profile,1
qvga-ab-20260812-123419.mjpeg:000480,profile,1
qvga-ab-20260812-123419.mjpeg:000481,profile,1
qvga-ab-20260812-123419.mjpeg:000482,profile,1
qvga-ab-20260812-123419.mjpeg:000483,profile,1
qvga-ab-20260812-123419.mjpeg:000484,profile,1
qvga-ab-20260812-123419.mjpeg:000485,profile,1
qvga-ab-20260812-123419.mjpeg:000486,profile,1
qvga-ab-20260812-123419.mjpeg:000487,profile,1
qvga-ab-20260812-123419.mjpeg:000488,profile,1
qvga-ab-20260812-123419.mjpeg:000489,profile,1
qvga-ab-20260812-123419.mjpeg:000490,profile,1
qvga-ab-20260812-123419.mjpeg:000491,profile,1
qvga-ab-20260812-123419.mjpeg:000492,profile,1
qvga-ab-20260812-123419.mjpeg:000493,profile,1
qvga-ab-20260812-123419.mjpeg:000494,profile,1
qvga-ab-20260812-123419.mjpeg:000495,profile,1
qvga-ab-20260812-123419.mjpeg:000496,profile,1
qvga-ab-20260812-123419.mjpeg:000497,profile,1
qvga-ab-20260812-123419.mjpeg:000498,profile,1
qvga-ab-20260812-123419.mjpeg:000499,profile,1
qvga-ab-20260812-123419.mjpeg:000500,profile,1
qvga-ab-20260812-123419.mjpeg:000501,profile,1
qvga-ab-20260812-123419.mjpeg:000502,profile,1
qvga-ab-20260812-123419.mjpeg:000503,profile,1
qvga-ab-20260812-123419.mjpeg:000504,profile,1
qvga-ab-20260812-123419.mjpeg:000505,profile,1
qvga-ab-20260812-123419.mjpeg:000506,profile,1
qvga-ab-20260812-123419.mjpeg:000507,profile,1
qvga-ab-20260812-123419.mjpeg:000508,profile,1
qvga-ab-20260812-123419.mjpeg:000509,profile,1
qvga-ab-20260812-123419.mjpeg:000510,profile,1
qvga-ab-20260812-123419.mjpeg:000511,profile,1
qvga-ab-20260812-123419.mjpeg:000512,profile,1
qvga-ab-20260812-123419.mjpeg:000513,profile,1
qvga-ab-20260812-123419.mjpeg:000514,profile,1
qvga-ab-20260812-123419.mjpeg:000515,profile,1
qvga-ab-20260812-123419.mjpeg:000516,profile,1
qvga-ab-20260812-123419.mjpeg:000517,profile,1
qvga-ab-20260812-123419.mjpeg:000518,profile,1
qvga-ab-20260812-123419.mjpeg:000519,profile,1
qvga-ab-20260812-123419.mjpeg:000520,profile,1
qvga-ab-20260812-123419.mjpeg:000521,profile,1
qvga-ab-20260812-123419.mjpeg:000522,profile,1
qvga-ab-20260812-123419.mjpeg:000523,profile,1
qvga-ab-20260812-123419.mjpeg:000524,profile,1
qvga-ab-20260812-123419.mjpeg:000525,profile,1
qvga-ab-20260812-123419.mjpeg:000526,profile,1
qvga-ab-20260812-123419.mjpeg:000527,profile,1
qvga-ab-20260812-123419.mjpeg:000528,profile,1
qvga-ab-20260812-123419.mjpeg:000529,profile,1
qvga-ab-20260812-123419.mjpeg:000530,profile,1
qvga-ab-20260812-123419.mjpeg:000531,profile,1
qvga-ab-20260812-123419.mjpeg:000532,profile,1
qvga-ab-20260812-123419.mjpeg:000533,profile,1
qvga-ab-20260812-123419.mjpeg:000534,profile,1
qvga-ab-20260812-123419.mjpeg:000535,profile,1
qvga-ab-20260812-123419.mjpeg:000536,profile,1
qvga-ab-20260812-123419.mjpeg:000537,profile,1
qvga-ab-20260812-123419.mjpeg:000538,profile,1
qvga-ab-20260812-123419.mjpeg:000539,profile,1
qvga-ab-20260812-123419.mjpeg:000540,profile,1
qvga-ab-20260812-123419.mjpeg:000541,profile,1
qvga-ab-20260812-123419.mjpeg:000542,profile,1
qvga-ab-20260812-123419.mjpeg:000543,profile,1
qvga-ab-20260812-123419.mjpeg:000544,profile,1
qvga-ab-20260812-123419.mjpeg:000545,profile,1
qvga-ab-20260812-123419.mjpeg:000546,profile,1
qvga-ab-20260812-123419.mjpeg:000547,profile,1
qvga-ab-20260812-123419.mjpeg:000548,profile,1
qvga-ab-20260812-123419.mjpeg:000549,profile,1
qvga-ab-20260812-123419.mjpeg:000550,profile,1
qvga-ab-20260812-123419.mjpeg:000551,profile,1
qvga-ab-20260812-123419.mjpeg:000552,profile,1
qvga-ab-20260812-123419.mjpeg:000553,profile,1
qvga-ab-20260812-123419.mjpeg:000554,profile,1
qvga-ab-20260812-123419.mjpeg:000555,profile,1
qvga-ab-20260812-123419.mjpeg:000556,profile,1
qvga-ab-20260812-123419.mjpeg:000557,profile,1
qvga-ab-20260812-123419.mjpeg:000558,profile,1
qvga-ab-20260812-123419.mjpeg:000559,profile,1
qvga-ab-20260812-123419.mjpeg:000560,profile,1
qvga-ab-20260812-123419.mjpeg:000561,profile,1
qvga-ab-20260812-123419.mjpeg:000562,profile,1
qvga-ab-20260812-123419.mjpeg:000563,profile,1
qvga-ab-20260812-123419.mjpeg:000564,profile,1
qvga-ab-20260812-123419.mjpeg:000565,profile,1
qvga-ab-20260812-123419.mjpeg:000566,profile,1
qvga-ab-20260812-123419.mjpeg:000567,profile,1
qvga-ab-20260812-123419.mjpeg:000568,profile,1
qvga-ab-20260812-123419.mjpeg:000569,profile,1
qvga-ab-20260812-123419.mjpeg:000570,profile,1
qvga-ab-20260812-123419.mjpeg:000571,profile,1
qvga-ab-20260812-123419.mjpeg:000572,profile,1
qvga-ab-20260812-123419.mjpeg:000573,profile,1
qvga-ab-20260812-123419.mjpeg:000574,profile,1
qvga-ab-20260812-123419.mjpeg:000575,profile,1
qvga-ab-20260812-123419.mjpeg:000576,profile,1
qvga-ab-20260812-123419.mjpeg:000577,profile,1
qvga-ab-20260812-123419.mjpeg:000578,profile,1
qvga-ab-20260812-123419.mjpeg:000579,profile,1
qvga-ab-20260812-123419.mjpeg:000580,profile,1
qvga-ab-20260812-123419.mjpeg:000581,profile,1
qvga-ab-20260812-123419.mjpeg:000582,profile,1
qvga-ab-20260812-123419.mjpeg:000583,profile,1
qvga-ab-20260812-123419.mjpeg:000584,profile,1
qvga-ab-20260812-123419.mjpeg:000585,profile,1
qvga-ab-20260812-123419.mjpeg:000586,profile,1
qvga-ab-20260812-123419.mjpeg:000587,profile,1
qvga-ab-20260812-123419.mjpeg:000588,profile,1
qvga-ab-20260812-123419.mjpeg:000589,profile,1
qvga-ab-20260812-123419.mjpeg:000590,profile,1
qvga-ab-20260812-123419.mjpeg:000591,profile,1
qvga-ab-20260812-123419.mjpeg:000592,profile,1
qvga-ab-20260812-123419.mjpeg:000593,profile,1
qvga-ab-20260812-123419.mjpeg:000594,profile,1
qvga-ab-20260812-123419.mjpeg:000595,profile,1
qvga-ab-20260812-123419.mjpeg:000596,profile,1
qvga-ab-20260812-123419.mjpeg:000597,profile,1
qvga-ab-20260812-123419.mjpeg:000598,profile,1
qvga-ab-20260812-123419.mjpeg:000599,profile,1
qvga-ab-20260812-123419.mjpeg:000600,profile,1
qvga-ab-20260812-123419.mjpeg:000601,profile,1
qvga-ab-20260812-123419.mjpeg:000602,profile,1
qvga-ab-20260812-123419.mjpeg:000603,profile,1
qvga-ab-20260812-123419.mjpeg:000604,profile,1
qvga-ab-20260812-123419.mjpeg:000605,profile,1
qvga-ab-20260812-123419.mjpeg:000606,profile,1
qvga-ab-20260812-123419.mjpeg:000607,profile,1
qvga-ab-20260812-123419.mjpeg:000608,profile,1
qvga-ab-20260812-123419.mjpeg:000609,profile,1
qvga-ab-20260812-123419.mjpeg:000610,profile,1
qvga-ab-20260812-123419.mjpeg:000611,profile,1
qvga-ab-20260812-123419.mjpeg:000612,profile,1
qvga-ab-20260812-123419.mjpeg:000613,profile,1
qvga-ab-20260812-123419.mjpeg:000614,profile,1
qvga-ab-20260812-123419.mjpeg:000615,profile,1
qvga-ab-20260812-123419.mjpeg:000616,profile,1
qvga-ab-20260812-123419.mjpeg:000617,profile,1
qvga-ab-20260812-123419.mjpeg:000618,profile,1
qvga-ab-20260812-123419.mjpeg:000619,profile,1
qvga-ab-20260812-123419.mjpeg:000620,profile,1
qvga-ab-20260812-123419.mjpeg:000621,profile,1
qvga-ab-20260812-123419.mjpeg:000622,profile,1
qvga-ab-20260812-123419.mjpeg:000623,profile,1
qvga-ab-20260812-123419.mjpeg:000624,profile,1
qvga-ab-20260812-123419.mjpeg:000625,profile,1
qvga-ab-20260812-123419.mjpeg:000626,profile,1
qvga-ab-20260812-123419.mjpeg:000627,profile,1
qvga-ab-20260812-123419.mjpeg:000628,profile,1
qvga-ab-20260812-123419.mjpeg:000629,profile,1
qvga-ab-20260812-123419.mjpeg:000630,profile,1
qvga-ab-20260812-123419.mjpeg:000631,profile,1
qvga-ab-20260812-123419.mjpeg:000632,profile,1
qvga-ab-20260812-123419.mjpeg:000633,profile,1
qvga-ab-20260812-123419.mjpeg:000634,profile,1
qvga-ab-20260812-123419.mjpeg:000635,profile,1
qvga-ab-20260812-123419.mjpeg:000636,profile,1
qvga-ab-20260812-123419.mjpeg:000637,profile,1
qvga-ab-20260812-123419.mjpeg:000638,profile,1
qvga-ab-20260812-123419.mjpeg:000639,profile,1
qvga-ab-20260812-123419.mjpeg:000640,profile,1
qvga-ab-20260812-123419.mjpeg:000641,profile,1
qvga-ab-20260812-123419.mjpeg:000642,profile,1
qvga-ab-20260812-123419.mjpeg:000643,profile,1
qvga-ab-20260812-123419.mjpeg:000644,profile,1
qvga-ab-20260812-123419.mjpeg:000645,profile,1
qvga-ab-20260812-123419.mjpeg:000646,profile,1
qvga-ab-20260812-123419.mjpeg:000647,profile,1
qvga-ab-20260812-123419.mjpeg:000648,profile,1
qvga-ab-20260812-123419.mjpeg:000649,profile,1
qvga-ab-20260812-123419.mjpeg:000650,profile,1
qvga-ab-20260812-123419.mjpeg:000651,profile,1
qvga-ab-20260812-123419.mjpeg:000652,profile,1
qvga-ab-20260812-123419.mjpeg:000653,profile,1
qvga-ab-20260812-123419.mjpeg:000654,profile,1
qvga-ab-20260812-123419.mjpeg:000655,profile,1
qvga-ab-20260812-123419.mjpeg:000656,profile,1
qvga-ab-20260812-123419.mjpeg:000657,profile,1
qvga-ab-20260812-123419.mjpeg:000658,profile,1
qvga-ab-20260812-123419.mjpeg:000659,profile,1
qvga-ab-20260812-123419.mjpeg:000660,profile,1
qvga-ab-20260812-123419.mjpeg:000661,profile,1
qvga-ab-20260812-123419.mjpeg:000662,profile,1
qvga-ab-20260812-123419.mjpeg:000663,profile,1
qvga-ab-20260812-123419.mjpeg:000664,profile,1
qvga-ab-20260812-123419.mjpeg:000665,profile,1
qvga-ab-20260812-123419.mjpeg:000666,profile,1
qvga-ab-20260812-123419.mjpeg:000667,profile,1
qvga-ab-20260812-123419.mjpeg:000668,profile,1
qvga-ab-20260812-123419.mjpeg:000669,profile,1
qvga-ab-20260812-123419.mjpeg:000670,profile,1
qvga-ab-20260812-123419.mjpeg:000671,profile,1
qvga-ab-20260812-123419.mjpeg:000672,profile,1
qvga-ab-20260812-123419.mjpeg:000673,profile,1
qvga-ab-20260812-123419.mjpeg:000674,profile,1
qvga-ab-20260812-123419.mjpeg:000675,profile,1
qvga-ab-20260812-123419.mjpeg:000676,profile,1
qvga-ab-20260812-123419.mjpeg:000677,profile,1
qvga-ab-20260812-123419.mjpeg:000678,profile,1
qvga-ab-20260812-123419.mjpeg:000679,profile,1
qvga-ab-20260812-123419.mjpeg:000680,profile,1
qvga-ab-20260812-123419.mjpeg:000681,profile,1
qvga-ab-20260812-123419.mjpeg:000682,profile,1
qvga-ab-20260812-123419.mjpeg:000683,profile,1
qvga-ab-20260812-123419.mjpeg:000684,profile,1
qvga-ab-20260812-123419.mjpeg:000685,profile,1
qvga-ab-20260812-123419.mjpeg:000686,profile,1
qvga-ab-20260812-123419.mjpeg:000687,profile,1
qvga-ab-20260812-123419.mjpeg:000688,profile,1
qvga-ab-20260812-123419.mjpeg:000689,profile,1
qvga-ab-20260812-123419.mjpeg:000690,profile,1
qvga-ab-20260812-123419.mjpeg:000691,profile,1
qvga-ab-20260812-123419.mjpeg:000692,profile,1
qvga-ab-20260812-123419.mjpeg:000693,profile,1
qvga-ab-20260812-123419.mjpeg:000694,profile,1
qvga-ab-20260812-123419.mjpeg:000695,profile,1
qvga-ab-20260812-123419.mjpeg:000696,profile,1
qvga-ab-20260812-123419.mjpeg:000697,profile,1
qvga-ab-20260812-123419.mjpeg:000698,profile,1
qvga-ab-20260812-123419.mjpeg:000699,profile,1
qvga-ab-20260812-123419.mjpeg:000700,profile,1
qvga-ab-20260812-123419.mjpeg:000701,profile,1
qvga-ab-20260812-123419.mjpeg:000702,profile,1
qvga-ab-20260812-123419.mjpeg:000703,profile,1
qvga-ab-20260812-123419.mjpeg:000704,profile,1
qvga-ab-20260812-123419.mjpeg:000705,profile,1
qvga-ab-20260812-123419.mjpeg:000706,profile,1
qvga-ab-20260812-123419.mjpeg:000707,profile,1
qvga-ab-20260812-123419.mjpeg:000708,profile,1
qvga-ab-20260812-123419.mjpeg:000709,profile,1
qvga-ab-20260812-123419.mjpeg:000710,profile,1
qvga-ab-20260812-123419.mjpeg:000711,profile,1
qvga-ab-20260812-123419.mjpeg:000712,profile,1
qvga-ab-20260812-123419.mjpeg:000713,profile,1
qvga-ab-20260812-123419.mjpeg:000714,profile,1
qvga-ab-20260812-123419.mjpeg:000715,profile,1
qvga-ab-20260812-123419.mjpeg:000716,profile,1
qvga-ab-20260812-123419.mjpeg:000717,profile,1
qvga-ab-20260812-123419.mjpeg:000718,profile,1
qvga-ab-20260812-123419.mjpeg:000719,profile,1
qvga-ab-20260812-123419.mjpeg:000720,profile,1
qvga-ab-20260812-123419.mjpeg:000721,profile,1
qvga-ab-20260812-123419.mjpeg:000722,profile,1
qvga-ab-20260812-123419.mjpeg:000723,profile,1
qvga-ab-20260812-123419.mjpeg:000724,profile,1
qvga-ab-20260812-123419.mjpeg:000725,profile,1
qvga-ab-20260812-123419.mjpeg:000726,profile,1
qvga-ab-20260812-123419.mjpeg:000727,profile,1
qvga-ab-20260812-123419.mjpeg:000728,profile,1
qvga-ab-20260812-123419.mjpeg:000729,profile,1
qvga-ab-20260812-123419.mjpeg:000730,profile,1
qvga-ab-20260812-123419.mjpeg:000731,profile,1
qvga-ab-20260812-123419.mjpeg:000732,profile,1
qvga-ab-20260812-123419.mjpeg:000733,profile,1
qvga-ab-20260812-123419.mjpeg:000734,profile,1
qvga-ab-20260812-123419.mjpeg:000735,profile,1
qvga-ab-20260812-123419.mjpeg:000736,profile,1
qvga-ab-20260812-123419.mjpeg:000737,profile,1
qvga-ab-20260812-123419.mjpeg:000738,profile,1
qvga-ab-20260812-123419.mjpeg:000739,profile,1
qvga-ab-20260812-123419.mjpeg:000740,profile,1
qvga-ab-20260812-123419.mjpeg:000741,profile,1
qvga-ab-20260812-123419.mjpeg:000742,profile,1
qvga-ab-20260812-123419.mjpeg:000743,profile,1
qvga-ab-20260812-123419.mjpeg:000744,profile,1
qvga-ab-20260812-123419.mjpeg:000745,profile,1
qvga-ab-20260812-123419.mjpeg:000746,profile,1
qvga-ab-20260812-123419.mjpeg:000747,profile,1
qvga-ab-20260812-123419.mjpeg:000748,profile,1
qvga-ab-20260812-123419.mjpeg:000749,profile,1
qvga-ab-20260812-123419.mjpeg:000750,profile,1
qvga-ab-20260812-123419.mjpeg:000751,profile,1
qvga-ab-20260812-123419.mjpeg:000752,profile,1
qvga-ab-20260812-123419.mjpeg:000753,profile,1
qvga-ab-20260812-123419.mjpeg:000754,profile,1
qvga-ab-20260812-123419.mjpeg:000755,profile,1
qvga-ab-20260812-123419.mjpeg:000756,profile,1
qvga-ab-20260812-123419.mjpeg:000757,profile,1
qvga-ab-20260812-123419.mjpeg:000758,profile,1
qvga-ab-20260812-123419.mjpeg:000759,profile,1
qvga-ab-20260812-123419.mjpeg:000760,profile,1
qvga-ab-20260812-123419.mjpeg:000761,profile,1
qvga-ab-20260812-123419.mjpeg:000762,profile,1
qvga-ab-20260812-123419.mjpeg:000763,profile,1
qvga-ab-20260812-123419.mjpeg:000764,profile,1
qvga-ab-20260812-123419.mjpeg:000765,profile,1
qvga-ab-20260812-123419.mjpeg:000766,profile,1
qvga-ab-20260812-123419.mjpeg:000767,profile,1
qvga-ab-20260812-123419.mjpeg:000768,profile,1
qvga-ab-20260812-123419.mjpeg:000769,profile,1
qvga-ab-20260812-123419.mjpeg:000770,profile,1
qvga-ab-20260812-123419.mjpeg:000771,profile,1
qvga-ab-20260812-123419.mjpeg:000772,profile,1
qvga-ab-20260812-123419.mjpeg:000773,profile,1
qvga-ab-20260812-123419.mjpeg:000774,profile,1
qvga-ab-20260812-123419.mjpeg:000775,profile,1
qvga-ab-20260812-123419.mjpeg:000776,profile,1
qvga-ab-20260812-123419.mjpeg:000777,profile,1
qvga-ab-20260812-123419.mjpeg:000778,profile,1
qvga-ab-20260812-123419.mjpeg:000779,profile,1
qvga-ab-20260812-123419.mjpeg:000780,profile,1
qvga-ab-20260812-123419.mjpeg:000781,profile,1
qvga-ab-20260812-123419.mjpeg:000782,profile,1
qvga-ab-20260812-123419.mjpeg:000783,profile,1
qvga-ab-20260812-123419.mjpeg:000784,profile,1
qvga-ab-20260812-123419.mjpeg:000785,profile,1
qvga-ab-20260812-123419.mjpeg:000786,profile,1
qvga-ab-20260812-123419.mjpeg:000787,profile,1
qvga-ab-20260812-123419.mjpeg:000788,profile,1
qvga-ab-20260812-123419.mjpeg:000789,profile,1
qvga-ab-20260812-123419.mjpeg:000790,profile,1
qvga-ab-20260812-123419.mjpeg:000791,profile,1
qvga-ab-20260812-123419.mjpeg:000792,profile,1
qvga-ab-20260812-123419.mjpeg:000793,profile,1
qvga-ab-20260812-123419.mjpeg:000794,profile,1
qvga-ab-20260812-123419.mjpeg:000795,profile,1
qvga-ab-20260812-123419.mjpeg:000796,profile,1
qvga-ab-20260812-123419.mjpeg:000797,profile,1
qvga-ab-20260812-123419.mjpeg:000798,profile,1
qvga-ab-20260812-123419.mjpeg:000799,profile,1
qvga-ab-20260812-123419.mjpeg:000800,profile,1
qvga-ab-20260812-123419.mjpeg:000801,profile,1
qvga-ab-20260812-123419.mjpeg:000802,profile,1
qvga-ab-20260812-123419.mjpeg:000803,profile,1
qvga-ab-20260812-123419.mjpeg:000804,profile,1
qvga-ab-20260812-123419.mjpeg:000805,profile,1
qvga-ab-20260812-123419.mjpeg:000806,profile,1
qvga-ab-20260812-123419.mjpeg:000807,profile,1
qvga-ab-20260812-123419.mjpeg:000808,profile,1
qvga-ab-20260812-123419.mjpeg:000809,profile,1
qvga-ab-20260812-123419.mjpeg:000810,profile,1
qvga-ab-20260812-123419.mjpeg:000811,profile,1
qvga-ab-20260812-123419.mjpeg:000812,profile,1
qvga-ab-20260812-123419.mjpeg:000813,profile,1
qvga-ab-20260812-123419.mjpeg:000814,profile,1
qvga-ab-20260812-123419.mjpeg:000815,profile,1
qvga-ab-20260812-123419.mjpeg:000816,profile,1
qvga-ab-20260812-123419.mjpeg:000817,profile,1
qvga-ab-20260812-123419.mjpeg:000818,profile,1
qvga-ab-20260812-123419.mjpeg:000819,profile,1
qvga-ab-20260812-123419.mjpeg:000820,profile,1
qvga-ab-20260812-123419.mjpeg:000821,profile,1
qvga-ab-20260812-123419.mjpeg:000822,profile,1
qvga-ab-20260812-123419.mjpeg:000823,profile,1
qvga-ab-20260812-123419.mjpeg:000824,profile,1
qvga-ab-20260812-123419.mjpeg:000825,profile,1
qvga-ab-20260812-123419.mjpeg:000826,profile,1
qvga-ab-20260812-123419.mjpeg:000827,profile,1
qvga-ab-20260812-123419.mjpeg:000828,profile,1
qvga-ab-20260812-123419.mjpeg:000829,profile,1
qvga-ab-20260812-123419.mjpeg:000830,profile,1
qvga-ab-20260812-123419.mjpeg:000831,profile,1
qvga-ab-20260812-123419.mjpeg:000832,profile,1
qvga-ab-20260812-123419.mjpeg:000833,profile,1
qvga-ab-20260812-123419.mjpeg:000834,profile,1
qvga-ab-20260812-123419.mjpeg:000835,profile,1
qvga-ab-20260812-123419.mjpeg:000836,profile,1
qvga-ab-20260812-123419.mjpeg:000837,profile,1
qvga-ab-20260812-123419.mjpeg:000838,profile,1
qvga-ab-20260812-123419.mjpeg:000839,profile,1
qvga-ab-20260812-123419.mjpeg:000840,profile,1
qvga-ab-20260812-123419.mjpeg:000841,profile,1
qvga-ab-20260812-123419.mjpeg:000842,profile,1
qvga-ab-20260812-123419.mjpeg:000843,profile,1
qvga-ab-20260812-123419.mjpeg:000844,profile,1
qvga-ab-20260812-123419.mjpeg:000845,profile,1
qvga-ab-20260812-123419.mjpeg:000846,profile,1
qvga-ab-20260812-123419.mjpeg:000847,profile,1
qvga-ab-20260812-123419.mjpeg:000848,profile,1
qvga-ab-20260812-123419.mjpeg:000849,profile,1
qvga-ab-20260812-123419.mjpeg:000850,profile,1
qvga-ab-20260812-123419.mjpeg:000851,profile,1
qvga-ab-20260812-123419.mjpeg:000852,profile,1
qvga-ab-20260812-123419.mjpeg:000853,profile,1
qvga-ab-20260812-123419.mjpeg:000854,profile,1
qvga-ab-20260812-123419.mjpeg:000855,profile,1
qvga-ab-20260812-123419.mjpeg:000856,profile,1
qvga-ab-20260812-123419.mjpeg:000857,profile,1
qvga-ab-20260812-123419.mjpeg:000858,profile,1
qvga-ab-20260812-123419.mjpeg:000859,profile,1
qvga-ab-20260812-123419.mjpeg:000860,profile,1
qvga-ab-20260812-123419.mjpeg:000861,profile,1
qvga-ab-20260812-123419.mjpeg:000862,profile,1
qvga-ab-20260812-123419.mjpeg:000863,profile,1
qvga-ab-20260812-123419.mjpeg:000864,profile,1
qvga-ab-20260812-123419.mjpeg:000865,profile,1
qvga-ab-20260812-123419.mjpeg:000866,profile,1
qvga-ab-20260812-123419.mjpeg:000867,profile,1
qvga-ab-20260812-123419.mjpeg:000868,profile,1
qvga-ab-20260812-123419.mjpeg:000869,profile,1
qvga-ab-20260812-123419.mjpeg:000870,profile,1
qvga-ab-20260812-123419.mjpeg:000871,profile,1
qvga-ab-20260812-123419.mjpeg:000872,profile,1
qvga-ab-20260812-123419.mjpeg:000873,profile,1
qvga-ab-20260812-123419.mjpeg:000874,profile,1
qvga-ab-20260812-123419.mjpeg:000875,profile,1
qvga-ab-20260812-123419.mjpeg:000876,profile,1
qvga-ab-20260812-123419.mjpeg:000877,profile,1
qvga-ab-20260812-123419.mjpeg:000878,profile,1
qvga-ab-20260812-123419.mjpeg:000879,profile,1
qvga-ab-20260812-123419.mjpeg:000880,profile,1
qvga-ab-20260812-123419.mjpeg:000881,profile,1
qvga-ab-20260812-123419.mjpeg:000882,profile,1
qvga-ab-20260812-123419.mjpeg:000883,profile,1
qvga-ab-20260812-123419.mjpeg:000884,profile,1
qvga-ab-20260812-123419.mjpeg:000885,frontal,1
qvga-ab-20260812-123419.mjpeg:000886,frontal,1
qvga-ab-20260812-123419.mjpeg:000887,frontal,1
qvga-ab-20260812-123419.mjpeg:000888,frontal,1
qvga-ab-20260812-123419.mjpeg:000889,frontal,1
qvga-ab-20260812-123419.mjpeg:000890,frontal,1
qvga-ab-20260812-123419.mjpeg:000891,frontal,1
qvga-ab-20260812-123419.mjpeg:000892,frontal,1
qvga-ab-20260812-123419.mjpeg:000893,frontal,1
qvga-ab-20260812-123419.mjpeg:000894,frontal,1
qvga-ab-20260812-123419.mjpeg:000895,frontal,1
qvga-ab-20260812-123419.mjpeg:000896,frontal,1
qvga-ab-20260812-123419.mjpeg:000897,frontal,1
qvga-ab-20260812-123419.mjpeg:000898,frontal,1
qvga-ab-20260812-123419.mjpeg:000899,frontal,1
qvga-ab-20260812-123419.mjpeg:000900,frontal,1
