timestamp,cpu_percent,rss_mib,swap_mib,temperature,throttled,capture_fps,tracker_effective_fps,capture_to_snapshot_p50_ms,capture_to_snapshot_p95_ms,snapshot_age_ms,snapshot_stale_drops,snapshot_age_p95_ms,snapshot_to_policy_commit_p50_ms,snapshot_to_policy_commit_p95_ms,policy_commit_to_first_eye_frame_p50_ms,policy_commit_to_first_eye_frame_p95_ms,face_to_eye_first_frame_p50_ms,face_to_eye_first_frame_p95_ms,eye_effective_fps,eye_frame_p95_ms,sample_interval_ms,error,vad_to_listening_cue_p50_ms,vad_to_listening_cue_p95_ms,speech_end_to_silence_confirmed_p50_ms,speech_end_to_silence_confirmed_p95_ms,silence_confirmed_to_first_audio_sample_p50_ms,silence_confirmed_to_first_audio_sample_p95_ms,vad_to_listening_cue_count,audio_state,audio_queued_count,audio_rejected_count
2026-08-21T18:49:51+0800,,85.078,10.953,temp=47.8'C,throttled=0x0,15.0,2.103,134.722,214.395,71.026,0,458.401,34.123,71.026,82.801,91.507,135.729,182.244,11.418,112.956,40.0,,,,,,,,0,,,
2026-08-21T18:49:52+0800,103.992,85.121,10.859,temp=47.8'C,throttled=0x0,15.0,2.097,135.936,214.395,405.824,0,458.401,35.54,71.026,79.938,91.507,135.729,182.244,11.542,109.862,40.0,,,,,,,,0,,,
2026-08-21T18:49:53+0800,105.256,85.164,10.859,temp=47.8'C,throttled=0x0,15.0,2.086,135.936,214.395,405.824,0,458.401,35.54,71.026,79.938,91.507,135.729,182.244,11.669,105.002,40.0,,,,,,,,0,,,
2026-08-21T18:49:54+0800,105.317,85.09,10.859,temp=47.2'C,throttled=0x0,15.0,2.077,135.936,214.395,405.824,0,458.401,35.54,71.026,79.938,91.507,135.729,182.244,11.753,105.002,40.0,,,,,,,,0,,,
2026-08-21T18:49:55+0800,105.442,85.055,10.859,temp=47.8'C,throttled=0x0,15.0,2.067,135.936,214.395,405.824,0,458.401,35.54,71.026,79.938,91.507,135.729,182.244,11.873,104.626,40.0,,,,,,,,0,,,
2026-08-21T18:49:56+0800,101.836,85.102,10.859,temp=48.3'C,throttled=0x0,15.0,2.065,135.936,214.395,405.824,0,458.401,35.54,71.026,79.938,91.507,135.729,182.244,12.007,101.999,40.0,,,,,,,,0,,,
2026-08-21T18:49:58+0800,102.368,85.211,10.855,temp=48.3'C,throttled=0x0,15.0,2.06,135.936,214.395,405.824,0,458.401,35.54,71.026,79.938,91.507,135.729,182.244,12.091,101.624,40.0,,,,,,,,0,,,
2026-08-21T18:49:59+0800,104.577,85.098,10.855,temp=48.3'C,throttled=0x0,15.0,2.056,134.722,214.395,181.073,0,458.401,35.54,71.026,82.208,91.507,135.729,182.244,12.162,101.624,40.0,,,,,,,,0,,,
2026-08-21T18:50:00+0800,108.359,85.152,10.855,temp=48.3'C,throttled=0x0,15.0,2.053,125.302,214.395,258.83,0,458.401,34.123,88.339,79.938,91.507,135.729,182.244,12.109,101.624,40.0,,,,,,,,0,,,
2026-08-21T18:50:01+0800,107.105,85.238,10.852,temp=47.8'C,throttled=0x0,15.0,2.049,125.302,214.395,272.925,0,446.983,35.491,88.339,82.208,93.553,135.729,182.244,12.09,101.624,40.0,,,,,,,,0,,,
2026-08-21T18:50:02+0800,105.183,85.195,10.852,temp=48.3'C,throttled=0x0,15.0,2.046,118.647,214.395,251.48,0,446.983,33.639,88.339,79.189,93.553,135.729,182.244,12.072,101.624,40.0,,,,,,,,0,,,
2026-08-21T18:50:03+0800,104.442,85.23,10.844,temp=48.3'C,throttled=0x0,15.0,2.044,117.2,214.395,307.315,0,446.983,34.123,88.339,79.189,93.553,135.729,182.244,12.071,101.624,40.0,,,,,,,,0,,,
2026-08-21T18:50:04+0800,104.422,85.145,10.844,temp=48.3'C,throttled=0x0,15.0,2.041,117.2,214.395,297.563,0,446.983,33.639,88.339,75.362,93.553,135.729,182.244,12.553,101.127,40.0,,,,,,,,0,,,
2026-08-21T18:50:05+0800,103.353,85.172,10.844,temp=48.3'C,throttled=0x0,15.0,2.039,117.2,214.395,288.703,0,458.401,35.491,88.339,75.362,93.553,135.729,182.244,12.743,99.462,40.0,,,,,,,,0,,,
2026-08-21T18:50:06+0800,105.374,85.152,10.844,temp=48.9'C,throttled=0x0,15.0,2.037,117.2,155.878,289.332,0,458.401,34.123,88.339,74.539,93.553,135.729,182.244,12.806,97.534,40.0,,,,,,,,0,,,
2026-08-21T18:50:07+0800,109.411,85.125,10.84,temp=47.8'C,throttled=0x0,15.0,2.035,117.2,155.878,272.178,0,458.401,35.491,84.536,75.362,93.551,135.729,182.244,12.752,98.849,40.0,,,,,,,,0,,,
2026-08-21T18:50:08+0800,113.23,85.316,10.836,temp=48.3'C,throttled=0x0,15.0,2.034,117.2,155.878,357.577,0,467.033,35.491,84.536,75.362,93.553,135.729,182.244,12.715,98.849,40.0,,,,,,,,0,,,
2026-08-21T18:50:09+0800,112.195,85.102,10.836,temp=48.3'C,throttled=0x0,15.0,2.032,117.2,155.878,340.321,0,464.987,38.546,84.536,79.189,93.77,135.729,182.244,12.596,99.462,40.0,,,,,,,,0,,,
2026-08-21T18:50:10+0800,114.934,86.059,10.836,temp=48.9'C,throttled=0x0,15.0,2.03,117.2,155.878,402.076,0,464.987,35.54,84.536,79.189,93.77,135.729,182.244,12.436,100.453,40.0,,,,,,,,0,,,
2026-08-21T18:50:11+0800,113.414,88.156,10.836,temp=48.3'C,throttled=0x0,15.0,2.03,117.2,155.878,439.658,0,464.987,38.546,84.536,79.189,93.77,135.729,182.244,12.554,99.867,40.0,,,,,,,,0,,,
2026-08-21T18:50:12+0800,110.847,88.254,10.836,temp=48.3'C,throttled=0x0,15.0,2.029,117.2,155.878,422.396,0,467.033,35.54,84.536,75.362,93.77,135.729,182.244,12.584,99.867,40.0,,,,,,,,0,,,
2026-08-21T18:50:13+0800,113.78,85.344,10.836,temp=48.9'C,throttled=0x0,15.0,2.027,114.195,155.878,494.442,0,467.033,35.54,84.536,76.91,93.77,135.729,182.244,12.525,100.226,40.0,,,,,,,,0,,,
2026-08-21T18:50:14+0800,114.235,85.277,10.836,temp=49.4'C,throttled=0x0,15.0,2.026,117.2,155.878,459.234,0,467.033,35.54,88.339,76.91,94.063,135.729,182.244,12.381,101.832,40.0,,,,,,,,0,,,
2026-08-21T18:50:15+0800,113.262,85.277,10.836,temp=49.4'C,throttled=0x0,15.0,2.025,114.195,155.878,442.505,0,467.033,43.655,88.339,79.273,94.1,135.729,182.244,12.267,102.53,40.0,,,,,,,,0,,,
2026-08-21T18:50:16+0800,118.404,85.34,10.836,temp=48.9'C,throttled=0x0,15.0,2.023,118.19,152.328,25.431,0,467.033,38.781,88.339,79.273,96.953,135.729,182.244,12.1,107.379,40.0,,,,,,,,0,,,
2026-08-21T18:50:17+0800,107.388,85.223,10.836,temp=49.4'C,throttled=0x0,15.0,2.024,117.2,152.328,66.37,0,467.033,38.781,84.536,79.68,96.953,135.729,182.244,12.015,107.403,40.0,,,,,,,,0,,,
2026-08-21T18:50:18+0800,105.004,85.199,10.836,temp=49.4'C,throttled=0x0,15.0,2.023,118.19,152.328,47.238,0,467.033,38.781,84.536,79.189,96.953,135.729,182.244,11.981,107.403,40.0,,,,,,,,0,,,
2026-08-21T18:50:19+0800,104.389,85.285,10.836,temp=49.4'C,throttled=0x0,15.0,2.023,117.2,152.328,37.417,0,464.987,38.546,84.536,79.189,96.953,135.729,182.244,11.968,107.403,40.0,,,,,,,,0,,,
2026-08-21T18:50:20+0800,103.387,85.211,10.836,temp=49.4'C,throttled=0x0,15.0,2.022,118.19,152.328,109.276,0,464.987,37.417,84.536,76.91,96.953,135.729,182.244,11.942,107.403,40.0,,,,,,,,0,,,
2026-08-21T18:50:21+0800,105.429,85.273,10.836,temp=49.4'C,throttled=0x0,15.0,2.021,117.2,152.328,111.988,0,464.987,37.417,84.536,76.91,96.953,135.729,182.244,12.02,107.379,40.0,,,,,,,,0,,,
2026-08-21T18:50:22+0800,105.28,85.258,10.836,temp=49.4'C,throttled=0x0,15.0,2.021,118.19,152.328,158.247,0,467.033,37.417,84.536,76.687,96.953,135.729,182.244,12.045,107.379,40.0,,,,,,,,0,,,
2026-08-21T18:50:23+0800,107.361,85.211,10.836,temp=49.4'C,throttled=0x0,15.0,2.02,117.2,152.328,155.434,0,467.033,37.417,84.536,76.407,96.953,135.729,182.244,12.034,107.379,40.0,,,,,,,,0,,,
2026-08-21T18:50:24+0800,104.388,85.199,10.836,temp=49.9'C,throttled=0x0,15.0,2.02,118.19,152.328,145.079,0,467.033,38.546,84.536,76.407,96.953,135.729,182.244,12.031,107.379,40.0,,,,,,,,0,,,
2026-08-21T18:50:25+0800,113.283,85.191,10.836,temp=48.3'C,throttled=0x0,15.0,2.019,117.2,152.328,114.513,0,467.033,37.417,84.536,76.687,96.953,135.729,182.244,11.923,108.664,40.0,,,,,,,,0,,,
2026-08-21T18:50:26+0800,113.249,85.277,10.836,temp=49.4'C,throttled=0x0,15.0,2.018,118.19,148.46,205.951,0,467.033,37.417,84.536,76.91,96.953,135.729,182.244,11.778,109.915,40.0,,,,,,,,0,,,
2026-08-21T18:50:27+0800,113.228,85.367,10.836,temp=49.4'C,throttled=0x0,15.0,2.018,117.2,148.46,204.404,0,467.033,37.393,84.536,78.994,97.075,135.729,182.244,11.651,111.055,40.0,,,,,,,,0,,,
2026-08-21T18:50:28+0800,108.349,85.27,10.836,temp=49.4'C,throttled=0x0,15.0,2.018,118.19,148.46,218.892,0,464.987,35.54,84.536,78.994,97.078,135.729,182.244,11.575,111.137,40.0,,,,,,,,0,,,
2026-08-21T18:50:29+0800,105.127,85.219,10.836,temp=49.4'C,throttled=0x0,15.0,2.017,117.2,148.46,211.285,0,464.983,35.54,84.536,76.91,97.078,135.729,182.244,11.709,111.137,40.0,,,,,,,,0,,,
2026-08-21T18:50:30+0800,104.084,85.379,10.836,temp=49.4'C,throttled=0x0,15.0,2.017,118.19,149.009,268.318,0,459.234,35.54,84.536,76.687,97.078,135.729,182.244,11.888,111.12,40.0,,,,,,,,0,,,
2026-08-21T18:50:31+0800,105.114,85.254,10.832,temp=49.9'C,throttled=0x0,15.0,2.016,117.2,149.009,258.489,0,459.234,35.491,84.536,76.407,97.078,135.729,182.244,12.051,109.915,40.0,,,,,,,,0,,,
2026-08-21T18:50:32+0800,103.471,85.23,10.832,temp=49.4'C,throttled=0x0,15.0,2.016,117.2,149.009,414.526,0,459.234,35.491,84.536,76.407,97.078,135.729,182.244,12.057,109.915,40.0,,,,,,,,0,,,
2026-08-21T18:50:33+0800,105.382,85.281,10.832,temp=49.4'C,throttled=0x0,15.0,2.016,117.2,149.009,263.308,0,456.073,35.491,84.536,76.368,97.078,135.729,182.244,12.045,109.915,40.0,,,,,,,,0,,,
2026-08-21T18:50:34+0800,102.352,85.305,10.832,temp=49.9'C,throttled=0x0,15.0,2.016,115.927,149.009,319.78,0,455.411,35.491,84.536,76.368,97.078,135.729,182.244,12.113,107.379,40.0,,,,,,,,0,,,
2026-08-21T18:50:35+0800,106.3,85.316,10.832,temp=49.4'C,throttled=0x0,15.0,2.015,115.911,149.009,298.0,0,456.073,35.092,84.536,75.743,97.078,135.729,182.244,12.279,103.21,40.0,,,,,,,,0,,,
2026-08-21T18:50:36+0800,105.235,85.219,10.832,temp=49.4'C,throttled=0x0,15.0,2.015,115.911,149.009,490.035,0,456.073,35.092,84.536,75.743,97.078,135.729,182.244,12.452,97.16,40.0,,,,,,,,0,,,
2026-08-21T18:50:37+0800,107.113,85.246,10.832,temp=49.4'C,throttled=0x0,15.0,2.015,115.911,149.009,490.035,0,456.073,35.092,84.536,75.743,97.078,135.729,182.244,12.558,96.84,40.0,,,,,,,,0,,,
2026-08-21T18:50:38+0800,103.39,85.387,10.832,temp=50.5'C,throttled=0x0,15.0,2.014,114.984,149.009,340.664,0,454.939,35.092,84.536,75.702,97.078,119.021,182.244,12.561,96.84,40.0,,,,,,,,0,,,
2026-08-21T18:50:39+0800,107.291,87.023,10.832,temp=49.9'C,throttled=0x0,15.0,2.014,115.911,148.46,422.834,0,456.073,35.092,84.536,75.743,97.078,119.021,182.244,12.553,96.84,40.0,,,,,,,,0,,,
2026-08-21T18:50:40+0800,111.476,88.305,10.832,temp=49.4'C,throttled=0x0,15.0,2.014,114.762,148.46,408.36,0,454.939,35.092,75.624,75.702,97.075,119.021,182.244,12.561,96.84,40.0,,,,,,,,0,,,
2026-08-21T18:50:41+0800,114.135,88.23,10.832,temp=49.9'C,throttled=0x0,15.0,2.014,114.984,148.46,486.71,0,456.073,35.092,75.624,75.422,97.075,119.021,182.244,12.561,96.652,40.0,,,,,,,,0,,,
2026-08-21T18:50:42+0800,109.43,85.344,10.832,temp=50.5'C,throttled=0x0,15.0,2.013,114.762,148.46,494.823,0,460.049,35.491,75.624,75.362,97.075,119.021,182.244,12.536,96.84,40.0,,,,,,,,0,,,
2026-08-21T18:50:43+0800,106.392,85.16,10.832,temp=50.5'C,throttled=0x0,15.0,2.013,114.762,148.46,493.27,0,464.983,35.491,75.624,75.362,97.075,119.021,182.244,12.496,97.132,40.0,,,,,,,,0,,,
2026-08-21T18:50:44+0800,115.099,85.258,10.832,temp=49.9'C,throttled=0x0,15.0,2.012,114.762,148.46,454.307,0,464.983,35.54,84.536,75.422,97.075,119.021,182.244,12.362,98.96,40.0,,,,,,,,0,,,
2026-08-21T18:50:45+0800,110.483,85.359,10.832,temp=49.9'C,throttled=0x0,15.0,2.012,114.762,148.46,41.255,0,460.049,37.417,84.536,75.702,97.075,119.021,182.244,12.284,103.21,40.0,,,,,,,,0,,,
2026-08-21T18:50:46+0800,111.253,85.352,10.828,temp=50.5'C,throttled=0x0,15.0,2.012,114.762,148.46,30.257,0,460.049,37.393,84.536,75.743,97.078,119.021,182.244,12.281,103.21,40.0,,,,,,,,0,,,
2026-08-21T18:50:47+0800,109.174,85.352,10.828,temp=50.5'C,throttled=0x0,15.0,2.012,114.762,148.46,61.572,0,460.049,38.546,84.536,75.743,97.167,119.021,182.244,12.378,103.16,40.0,,,,,,,,0,,,
2026-08-21T18:50:48+0800,106.363,85.27,10.828,temp=50.5'C,throttled=0x0,15.0,2.011,114.762,146.101,66.576,0,460.049,37.417,84.536,75.702,97.167,119.021,182.244,12.523,98.624,40.0,,,,,,,,0,,,
2026-08-21T18:50:49+0800,104.388,85.273,10.828,temp=50.5'C,throttled=0x0,15.0,2.011,114.762,146.101,126.224,0,469.37,38.546,75.624,75.422,97.078,119.021,182.244,12.534,98.624,40.0,,,,,,,,0,,,
2026-08-21T18:50:50+0800,104.382,85.305,10.828,temp=50.5'C,throttled=0x0,15.0,2.011,114.762,146.101,100.723,0,460.049,37.393,75.624,75.079,97.078,119.021,182.244,12.534,98.624,40.0,,,,,,,,0,,,
