timestamp,cpu_percent,rss_mib,swap_mib,temperature,throttled,capture_fps,tracker_effective_fps,capture_to_snapshot_p50_ms,capture_to_snapshot_p95_ms,snapshot_age_ms,snapshot_stale_drops,snapshot_age_p95_ms,snapshot_to_policy_commit_p50_ms,snapshot_to_policy_commit_p95_ms,policy_commit_to_first_eye_frame_p50_ms,policy_commit_to_first_eye_frame_p95_ms,face_to_eye_first_frame_p50_ms,face_to_eye_first_frame_p95_ms,eye_effective_fps,eye_frame_p95_ms,sample_interval_ms,error,vad_to_listening_cue_p50_ms,vad_to_listening_cue_p95_ms,speech_end_to_silence_confirmed_p50_ms,speech_end_to_silence_confirmed_p95_ms,silence_confirmed_to_first_audio_sample_p50_ms,silence_confirmed_to_first_audio_sample_p95_ms,vad_to_listening_cue_count,audio_state,audio_queued_count,audio_started_count,audio_completed_count,audio_failed_count,audio_rejected_count
2026-08-27T16:11:37+0800,,125.574,12.547,temp=51.5'C,throttled=0x0,15.0,2.195,125.786,1844.671,61.88,0,476.338,43.258,63.57,85.85,126.389,145.73,145.73,12.154,103.1,40.0,,,,,,,,0,,,,,,
2026-08-27T16:11:38+0800,104.176,125.598,12.539,temp=51.5'C,throttled=0x0,15.0,2.164,127.641,146.042,98.264,0,472.336,43.258,63.57,83.383,126.389,145.73,145.73,12.23,103.1,40.0,,,,,,,,0,,,,,,
2026-08-27T16:11:39+0800,104.419,125.652,12.539,temp=51.5'C,throttled=0x0,15.0,2.139,124.628,146.042,113.481,0,472.336,43.258,63.57,78.181,98.444,145.73,145.73,12.303,103.1,40.0,,,,,,,,0,,,,,,
2026-08-27T16:11:40+0800,103.441,125.578,12.539,temp=51.5'C,throttled=0x0,15.0,2.115,125.786,146.042,141.138,0,476.338,43.258,66.491,74.564,98.444,145.73,145.73,12.319,100.525,40.0,,,,,,,,0,,,,,,
2026-08-27T16:11:41+0800,106.46,125.52,12.531,temp=51.5'C,throttled=0x0,15.0,2.101,124.628,146.042,107.204,0,472.336,43.258,66.491,78.181,98.444,145.73,145.73,12.331,100.525,40.0,,,,,,,,0,,,,,,
2026-08-27T16:11:42+0800,104.422,125.77,12.523,temp=51.5'C,throttled=0x0,15.0,2.091,125.786,146.042,121.074,0,465.402,43.258,66.491,78.181,98.444,145.73,145.73,12.376,100.525,40.0,,,,,,,,0,,,,,,
2026-08-27T16:11:43+0800,103.45,125.66,12.523,temp=51.5'C,throttled=0x0,15.0,2.082,124.628,146.042,142.387,0,472.336,43.258,68.614,74.564,98.444,145.73,145.73,12.403,100.525,40.0,,,,,,,,0,,,,,,
2026-08-27T16:11:44+0800,104.349,125.652,12.523,temp=51.5'C,throttled=0x0,15.0,2.074,125.786,146.042,175.855,0,472.336,43.258,68.614,72.611,98.444,145.73,145.73,12.417,99.618,40.0,,,,,,,,0,,,,,,
2026-08-27T16:11:45+0800,104.49,125.605,12.516,temp=52.1'C,throttled=0x0,15.0,2.069,124.628,146.042,189.29,0,472.336,43.258,68.614,74.564,98.444,145.73,145.73,12.45,99.618,40.0,,,,,,,,0,,,,,,
2026-08-27T16:11:46+0800,105.401,125.637,12.504,temp=52.1'C,throttled=0x0,15.0,2.063,125.786,146.042,214.514,0,476.338,48.832,70.326,74.564,98.444,145.73,145.73,12.459,98.635,40.0,,,,,,,,0,,,,,,
2026-08-27T16:11:47+0800,105.454,125.68,12.5,temp=52.1'C,throttled=0x0,15.0,2.057,124.628,148.29,163.862,0,472.336,43.258,70.326,74.564,98.444,145.73,145.73,12.462,98.53,40.0,,,,,,,,0,,,,,,
2026-08-27T16:11:48+0800,109.954,125.762,12.484,temp=52.1'C,throttled=0x0,15.0,2.054,125.786,146.042,243.436,0,476.338,48.832,68.614,78.181,94.052,145.73,145.73,12.387,99.618,40.0,,,,,,,,0,,,,,,
2026-08-27T16:11:49+0800,111.395,125.762,12.48,temp=52.1'C,throttled=0x0,15.0,2.05,124.628,146.042,248.278,0,472.336,49.012,68.614,79.036,94.052,145.73,145.73,12.257,100.675,40.0,,,,,,,,0,,,,,,
2026-08-27T16:11:50+0800,113.368,125.762,12.465,temp=52.6'C,throttled=0x0,15.0,2.047,125.786,147.117,266.579,0,472.336,49.476,70.326,79.049,94.052,145.73,145.73,12.132,103.1,40.0,,,,,,,,0,,,,,,
2026-08-27T16:11:51+0800,113.316,125.777,12.445,temp=51.5'C,throttled=0x0,15.0,2.044,115.696,147.117,287.124,0,472.336,52.775,75.839,79.164,98.444,145.73,145.73,12.016,106.154,40.0,,,,,,,,0,,,,,,
2026-08-27T16:11:52+0800,105.324,125.871,12.434,temp=52.1'C,throttled=0x0,15.0,2.042,115.696,147.117,225.498,0,475.327,53.707,77.024,79.049,98.444,145.73,145.73,11.98,106.311,40.0,,,,,,,,0,,,,,,
2026-08-27T16:11:53+0800,111.143,125.812,12.43,temp=52.1'C,throttled=0x0,15.0,2.04,113.361,147.117,325.861,0,472.336,52.775,77.024,79.164,101.761,145.73,145.73,11.817,107.165,40.0,,,,,,,,0,,,,,,
2026-08-27T16:11:54+0800,110.329,125.832,12.43,temp=52.1'C,throttled=0x0,15.0,2.037,113.9,147.117,348.455,0,471.92,49.476,77.024,79.286,101.761,145.73,145.73,11.712,107.797,40.0,,,,,,,,0,,,,,,
2026-08-27T16:11:55+0800,103.974,125.719,12.422,temp=52.1'C,throttled=0x0,15.0,2.036,113.361,147.117,362.103,0,471.92,49.476,77.024,79.286,101.761,145.73,145.73,11.83,107.165,40.0,,,,,,,,0,,,,,,
2026-08-27T16:11:56+0800,102.425,125.793,12.418,temp=52.1'C,throttled=0x0,15.0,2.035,113.9,147.117,323.94,0,471.722,49.012,77.024,79.164,101.761,145.73,145.73,11.833,107.165,40.0,,,,,,,,0,,,,,,
2026-08-27T16:11:57+0800,106.337,125.902,12.41,temp=52.1'C,throttled=0x0,15.0,2.033,113.361,147.117,348.927,0,471.722,49.012,77.024,79.164,101.761,145.73,145.73,11.845,107.165,40.0,,,,,,,,0,,,,,,
2026-08-27T16:11:58+0800,105.098,126.66,12.41,temp=51.5'C,throttled=0x0,15.0,2.031,113.9,146.042,363.902,0,471.92,49.012,77.024,79.049,101.761,145.73,145.73,11.911,106.562,40.0,,,,,,,,0,,,,,,
2026-08-27T16:11:59+0800,112.389,128.863,12.398,temp=52.6'C,throttled=0x0,15.0,2.031,113.361,146.042,399.848,0,471.722,48.832,75.839,79.049,100.035,145.73,145.73,11.911,106.562,40.0,,,,,,,,0,,,,,,
2026-08-27T16:12:00+0800,110.723,128.762,12.395,temp=52.1'C,throttled=0x0,15.0,2.029,113.9,146.042,423.983,0,471.722,48.832,75.839,79.049,100.035,145.73,145.73,11.913,106.562,40.0,,,,,,,,0,,,,,,
2026-08-27T16:12:01+0800,109.144,125.863,12.395,temp=52.1'C,throttled=0x0,15.0,2.028,113.361,146.042,508.516,0,471.722,46.715,75.839,79.04,100.035,145.73,145.73,11.934,106.562,40.0,,,,,,,,0,,,,,,
2026-08-27T16:12:02+0800,102.499,125.727,12.395,temp=52.1'C,throttled=0x0,15.0,2.027,113.9,147.117,455.533,0,471.722,46.715,75.839,79.04,100.035,145.73,145.73,11.983,106.562,40.0,,,,,,,,0,,,,,,
2026-08-27T16:12:03+0800,104.118,125.738,12.391,temp=52.6'C,throttled=0x0,15.0,2.026,113.9,147.117,46.48,0,471.92,46.715,75.839,79.036,100.035,145.73,145.73,11.984,106.562,40.0,,,,,,,,0,,,,,,
2026-08-27T16:12:04+0800,104.45,125.832,12.387,temp=52.6'C,throttled=0x0,15.0,2.025,113.9,147.117,503.01,0,475.327,48.832,75.839,79.036,100.035,145.73,145.73,12.03,106.311,40.0,,,,,,,,0,,,,,,
2026-08-27T16:12:05+0800,109.288,125.906,12.387,temp=52.1'C,throttled=0x0,15.0,2.024,113.9,147.117,489.505,0,475.327,48.832,75.839,79.036,100.035,145.73,145.73,11.998,106.562,40.0,,,,,,,,0,,,,,,
2026-08-27T16:12:07+0800,113.135,125.801,12.387,temp=52.6'C,throttled=0x0,15.0,2.023,113.9,147.117,0.563,0,475.327,49.012,79.498,79.04,100.035,145.73,145.73,11.869,107.228,40.0,,,,,,,,0,,,,,,
2026-08-27T16:12:08+0800,112.272,125.695,12.387,temp=52.6'C,throttled=0x0,15.0,2.023,113.9,146.042,24.411,0,471.92,46.715,79.498,79.049,101.761,145.73,145.73,11.735,107.797,40.0,,,,,,,,0,,,,,,
2026-08-27T16:12:09+0800,113.221,125.727,12.379,temp=52.6'C,throttled=0x0,15.0,2.023,113.9,146.042,39.992,0,471.92,46.715,79.498,79.164,102.235,145.73,145.73,11.633,109.936,40.0,,,,,,,,0,,,,,,
2026-08-27T16:12:10+0800,106.37,125.766,12.379,temp=52.1'C,throttled=0x0,15.0,2.021,113.9,146.042,104.53,0,471.722,45.582,79.498,79.286,103.077,145.73,145.73,11.57,112.064,40.0,,,,,,,,0,,,,,,
2026-08-27T16:12:11+0800,106.424,125.914,12.367,temp=51.5'C,throttled=0x0,15.0,2.021,113.9,146.042,138.675,0,471.92,46.715,77.024,79.286,102.235,145.73,145.73,11.686,108.271,40.0,,,,,,,,0,,,,,,
2026-08-27T16:12:12+0800,112.063,125.926,12.336,temp=52.1'C,throttled=0x0,15.0,2.021,113.361,146.042,440.613,0,471.92,46.715,77.024,79.286,102.235,145.73,145.73,11.802,107.39,40.0,,,,,,,,0,,,,,,
2026-08-27T16:12:13+0800,108.169,126.027,12.336,temp=52.6'C,throttled=0x0,15.0,2.02,113.9,146.042,154.491,0,472.642,46.715,77.024,79.286,102.235,145.73,146.182,11.92,107.228,40.0,,,,,,,,0,,,,,,
2026-08-27T16:12:14+0800,110.97,121.188,17.191,temp=52.6'C,throttled=0x0,15.0,2.019,113.361,146.042,196.232,0,471.722,48.832,77.024,79.368,102.235,145.73,146.182,11.969,106.562,40.0,,,,,,,,0,,,,,,
2026-08-27T16:12:15+0800,111.869,121.191,17.191,temp=52.6'C,throttled=0x0,15.0,2.019,113.9,146.042,176.569,0,467.594,45.582,77.024,79.368,102.235,145.73,146.182,12.105,103.442,40.0,,,,,,,,0,,,,,,
2026-08-27T16:12:16+0800,111.348,121.18,17.184,temp=52.6'C,throttled=0x0,15.0,2.018,113.361,146.042,197.423,0,467.594,45.582,77.024,79.464,102.235,145.73,146.182,12.129,103.442,40.0,,,,,,,,0,,,,,,
2026-08-27T16:12:17+0800,116.985,121.039,17.172,temp=53.2'C,throttled=0x0,15.0,2.018,113.9,146.042,214.531,0,464.583,44.583,77.024,79.464,102.235,145.73,146.182,12.031,104.14,40.0,,,,,,,,0,,,,,,
2026-08-27T16:12:18+0800,115.129,121.195,17.16,temp=53.2'C,throttled=0x0,15.0,2.017,113.478,147.117,219.806,0,472.642,46.715,79.498,79.464,102.235,145.73,146.182,11.99,104.14,40.0,,,,,,,,0,,,,,,
2026-08-27T16:12:19+0800,110.459,121.121,17.16,temp=52.6'C,throttled=0x0,15.0,2.017,114.817,146.042,238.063,0,473.113,46.715,79.682,79.302,102.235,145.73,146.182,11.959,104.14,40.0,,,,,,,,0,,,,,,
2026-08-27T16:12:20+0800,113.263,121.215,17.156,temp=52.6'C,throttled=0x0,15.0,2.016,114.817,147.117,237.893,0,473.113,46.715,79.682,79.464,102.235,145.73,146.182,11.924,104.14,40.0,,,,,,,,0,,,,,,
2026-08-27T16:12:21+0800,110.095,121.191,17.148,temp=52.6'C,throttled=0x0,15.0,2.016,117.212,147.117,302.697,0,473.226,46.715,79.682,79.302,102.235,145.73,146.182,11.907,104.14,40.0,,,,,,,,0,,,,,,
2026-08-27T16:12:22+0800,114.283,121.227,17.141,temp=53.2'C,throttled=0x0,15.0,2.016,115.696,148.29,320.065,0,473.226,49.012,79.498,79.368,101.761,145.73,146.182,11.877,105.651,40.0,,,,,,,,0,,,,,,
2026-08-27T16:12:23+0800,111.256,121.125,17.141,temp=53.2'C,throttled=0x0,15.0,2.016,117.61,148.29,320.524,0,475.883,48.832,79.498,79.302,101.761,145.73,146.182,11.825,107.228,40.0,,,,,,,,0,,,,,,
2026-08-27T16:12:24+0800,108.345,121.297,17.137,temp=52.6'C,throttled=0x0,15.0,2.015,117.212,148.386,295.327,0,475.883,49.012,79.498,79.464,101.761,145.73,146.182,11.792,107.228,40.0,,,,,,,,0,,,,,,
2026-08-27T16:12:25+0800,108.152,121.223,17.137,temp=53.2'C,throttled=0x0,15.0,2.015,117.61,148.386,348.968,0,475.883,49.012,79.498,79.302,101.761,145.73,146.182,11.746,107.228,40.0,,,,,,,,0,,,,,,
2026-08-27T16:12:26+0800,105.36,121.168,17.137,temp=53.2'C,throttled=0x0,15.0,2.015,117.212,148.386,351.908,0,473.226,49.476,79.498,79.302,101.761,145.73,146.182,11.744,107.228,40.0,,,,,,,,0,,,,,,
2026-08-27T16:12:27+0800,103.407,121.117,17.137,temp=53.2'C,throttled=0x0,15.0,2.014,117.61,148.386,350.431,0,472.642,49.012,79.498,79.238,101.761,145.73,146.182,11.722,107.228,40.0,,,,,,,,0,,,,,,
2026-08-27T16:12:28+0800,105.828,124.148,17.137,temp=53.2'C,throttled=0x0,15.0,2.014,115.726,148.386,372.447,0,472.039,49.012,79.498,79.286,101.761,145.73,146.182,11.855,106.109,40.0,,,,,,,,0,,,,,,
2026-08-27T16:12:29+0800,114.803,124.141,17.137,temp=53.7'C,throttled=0x0,15.0,2.014,117.212,148.29,414.937,0,471.494,46.715,79.498,79.238,101.761,145.73,146.182,12.016,102.552,40.0,,,,,,,,0,,,,,,
2026-08-27T16:12:30+0800,123.113,124.02,17.133,temp=53.2'C,throttled=0x0,15.0,2.013,115.726,148.29,446.63,0,471.494,46.715,79.498,79.302,102.222,145.73,146.182,12.005,102.824,40.0,,,,,,,,0,,,,,,
2026-08-27T16:12:31+0800,118.945,121.258,17.133,temp=53.2'C,throttled=0x0,15.0,2.013,117.212,148.29,418.267,0,472.039,46.715,79.682,79.286,102.235,145.73,146.182,11.957,106.407,40.0,,,,,,,,0,,,,,,
2026-08-27T16:12:32+0800,112.162,121.133,17.129,temp=52.6'C,throttled=0x0,15.0,2.012,117.212,148.29,10.16,0,472.039,45.582,79.498,79.368,102.222,145.73,146.182,11.92,107.248,40.0,,,,,,,,0,,,,,,
2026-08-27T16:12:33+0800,119.433,121.203,17.129,temp=53.7'C,throttled=0x0,15.0,2.012,117.212,148.29,38.608,0,471.494,45.582,79.498,79.302,102.222,145.73,146.182,11.895,109.365,40.0,,,,,,,,0,,,,,,
2026-08-27T16:12:34+0800,112.87,121.172,17.129,temp=53.7'C,throttled=0x0,15.0,2.012,117.212,148.29,3.094,0,467.467,44.583,79.498,79.464,102.222,145.73,146.182,11.927,109.365,40.0,,,,,,,,0,,,,,,
2026-08-27T16:12:35+0800,112.064,121.32,17.129,temp=53.7'C,throttled=0x0,15.0,2.012,117.212,148.29,63.976,0,471.494,45.582,79.498,79.368,102.222,145.73,146.182,11.928,109.365,40.0,,,,,,,,0,,,,,,
2026-08-27T16:12:36+0800,113.904,121.285,17.125,temp=53.7'C,throttled=0x0,15.0,2.012,117.212,148.29,86.003,0,471.494,44.583,79.498,79.302,102.222,145.73,146.182,11.945,109.365,40.0,,,,,,,,0,,,,,,
