timestamp,cpu_percent,rss_mib,swap_mib,temperature,throttled,capture_fps,tracker_effective_fps,capture_to_snapshot_p50_ms,capture_to_snapshot_p95_ms,snapshot_age_ms,snapshot_stale_drops,snapshot_to_policy_commit_p50_ms,snapshot_to_policy_commit_p95_ms,policy_commit_to_first_eye_frame_p50_ms,policy_commit_to_first_eye_frame_p95_ms,face_to_eye_first_frame_p50_ms,face_to_eye_first_frame_p95_ms,eye_effective_fps,eye_frame_p95_ms,sample_interval_ms,error,vad_to_listening_cue_p50_ms,vad_to_listening_cue_p95_ms,speech_end_to_silence_confirmed_p50_ms,speech_end_to_silence_confirmed_p95_ms,silence_confirmed_to_first_audio_sample_p50_ms,silence_confirmed_to_first_audio_sample_p95_ms,vad_to_listening_cue_count
2026-08-17T16:13:55+0800,,,,temp=51.5'C,throttled=0x0,15.0,2.026,119.681,211.246,278.666,0,58.943,100.759,88.414,105.333,3128.605,3128.605,10.395,119.648,40.0,,2170.09,2170.09,,,,,1
2026-08-17T16:13:56+0800,,,,temp=51.5'C,throttled=0x0,15.0,2.028,124.441,211.246,15.791,0,58.379,100.759,89.056,112.49,3128.605,3128.605,10.266,124.711,40.0,,2170.09,2170.09,,,,,1
2026-08-17T16:13:57+0800,,,,temp=49.9'C,throttled=0x0,15.0,2.03,126.503,211.246,1.46,0,58.943,100.759,89.08,118.08,3128.605,3128.605,10.177,127.988,40.0,,2170.09,2170.09,,,,,1
2026-08-17T16:13:58+0800,,,,temp=49.4'C,throttled=0x0,15.0,2.031,124.441,211.246,236.486,0,58.379,100.759,89.056,138.881,3128.605,3128.605,10.12,127.988,40.0,,2170.09,2170.09,,,,,1
2026-08-17T16:13:59+0800,,,,temp=49.4'C,throttled=0x0,15.0,2.03,124.441,206.896,247.126,0,58.943,100.759,89.056,138.881,3128.605,3128.605,10.157,127.988,40.0,,2170.09,2170.09,,,,,1
2026-08-17T16:14:00+0800,,,,temp=49.4'C,throttled=0x0,15.0,2.03,119.103,206.896,297.294,0,58.379,100.759,88.414,138.881,3128.605,3128.605,10.172,127.621,40.0,,2170.09,2170.09,,,,,1
2026-08-17T16:14:01+0800,,,,temp=49.4'C,throttled=0x0,15.0,2.028,119.103,206.896,298.606,0,58.379,100.759,88.414,138.881,3128.605,3128.605,10.204,127.621,40.0,,2170.09,2170.09,,,,,1
2026-08-17T16:14:02+0800,,,,temp=49.4'C,throttled=0x0,15.0,2.027,115.739,206.896,328.857,0,58.943,100.759,88.319,138.881,3128.605,3128.605,10.217,127.621,40.0,,2170.09,2170.09,,,,,1
2026-08-17T16:14:03+0800,,,,temp=49.4'C,throttled=0x0,15.0,2.026,116.747,206.896,323.118,0,58.943,100.759,87.94,138.881,3128.605,3128.605,10.217,127.621,40.0,,45.334,2170.09,,,,,2
2026-08-17T16:14:04+0800,,,,temp=49.4'C,throttled=0x0,15.0,2.025,115.551,206.896,356.356,0,58.943,93.973,88.319,118.08,3128.605,3128.605,10.222,127.621,40.0,,45.334,2170.09,,,,,2
2026-08-17T16:14:05+0800,,,,temp=49.4'C,throttled=0x0,15.0,2.024,115.551,206.896,363.125,0,58.943,93.973,87.94,118.08,3128.605,3128.605,10.225,127.621,40.0,,45.334,2170.09,,,,,2
2026-08-17T16:14:06+0800,,,,temp=48.3'C,throttled=0x0,15.0,2.023,113.889,206.896,375.427,0,59.326,93.973,88.414,118.08,3128.605,3128.605,10.221,127.621,40.0,,45.334,2170.09,,,,,2
2026-08-17T16:14:07+0800,,,,temp=49.4'C,throttled=0x0,15.0,2.022,115.551,206.896,411.929,0,58.943,93.973,88.192,118.08,3128.605,3128.605,10.219,127.621,40.0,,45.334,2170.09,,,,,2
2026-08-17T16:14:08+0800,,,,temp=49.4'C,throttled=0x0,15.0,2.021,113.889,206.896,413.143,0,59.326,93.973,88.319,118.08,3128.605,3128.605,10.219,127.621,40.0,,45.334,2170.09,,,,,2
2026-08-17T16:14:09+0800,,,,temp=49.4'C,throttled=0x0,15.0,2.02,115.551,185.615,367.506,0,58.943,93.973,88.233,118.08,3128.605,3128.605,10.219,126.141,40.0,,45.334,2170.09,,,,,2
2026-08-17T16:14:10+0800,,,,temp=49.4'C,throttled=0x0,15.0,2.02,113.889,185.615,412.869,0,59.326,93.973,88.319,118.08,3128.605,3128.605,10.214,126.141,40.0,,45.334,2170.09,,,,,2
2026-08-17T16:14:11+0800,,,,temp=49.4'C,throttled=0x0,15.0,2.019,115.551,185.615,435.62,0,58.943,93.973,88.319,118.08,3128.605,3128.605,10.207,126.141,40.0,,45.334,2170.09,,,,,2
2026-08-17T16:14:12+0800,,,,temp=49.4'C,throttled=0x0,15.0,2.018,115.551,185.615,449.553,0,58.379,93.973,88.233,118.08,3128.605,3128.605,10.206,126.141,40.0,,45.334,2170.09,,,,,2
2026-08-17T16:14:13+0800,,,,temp=49.4'C,throttled=0x0,15.0,2.018,115.551,185.615,474.35,0,49.33,93.973,88.233,118.08,3128.605,3128.605,10.194,126.141,40.0,,45.334,2170.09,,,,,2
2026-08-17T16:14:14+0800,,,,temp=49.9'C,throttled=0x0,15.0,2.017,115.551,185.615,34.062,0,56.85,90.517,88.319,112.49,3128.605,3128.605,10.24,124.711,40.0,,45.334,2170.09,,,,,2
2026-08-17T16:14:15+0800,,,,temp=49.4'C,throttled=0x0,15.0,2.017,115.551,185.615,49.73,0,49.33,90.517,88.319,112.49,3128.605,3128.605,10.253,124.711,40.0,,45.334,2170.09,,,,,2
2026-08-17T16:14:16+0800,,,,temp=49.4'C,throttled=0x0,15.0,2.017,115.551,185.615,49.768,0,49.73,90.517,88.414,112.49,3128.605,3128.605,10.289,121.66,40.0,,45.334,2170.09,,,,,2
2026-08-17T16:14:17+0800,,,,temp=50.5'C,throttled=0x0,15.0,2.016,115.551,185.615,19.239,0,48.455,90.517,88.825,112.49,3128.605,3128.605,10.29,121.641,40.0,,45.334,2170.09,,,,,2
2026-08-17T16:14:18+0800,,,,temp=50.5'C,throttled=0x0,15.0,2.015,115.551,185.615,96.878,0,48.455,90.517,88.909,112.49,3128.605,3128.605,10.339,119.367,40.0,,45.334,2170.09,,,,,2
2026-08-17T16:14:19+0800,,,,temp=51.0'C,throttled=0x0,15.0,2.014,115.551,185.198,469.99,0,48.455,93.673,88.909,112.49,3128.605,3128.605,10.394,118.206,40.0,,45.334,2170.09,,,,,2
2026-08-17T16:14:20+0800,,,,temp=50.5'C,throttled=0x0,15.0,2.015,114.507,185.198,139.698,0,49.73,93.973,88.909,118.08,3128.605,3128.605,10.415,117.336,40.0,,45.334,2170.09,,,,,2
2026-08-17T16:14:21+0800,,,,temp=50.5'C,throttled=0x0,15.0,2.015,114.507,185.198,147.712,0,49.33,93.973,88.825,118.08,3128.605,3128.605,10.599,115.727,40.0,,45.334,2170.09,,,,,2
2026-08-17T16:14:22+0800,,,,temp=50.5'C,throttled=0x0,15.0,2.014,114.507,185.198,155.394,0,49.73,93.973,88.825,118.08,3128.605,3128.605,10.598,115.727,40.0,,45.334,2170.09,,,,,2
2026-08-17T16:14:23+0800,,,,temp=49.4'C,throttled=0x0,15.0,2.014,114.507,185.198,182.972,0,48.455,93.973,88.414,118.08,3128.605,3128.605,10.594,114.41,40.0,,45.334,2170.09,,,,,2
2026-08-17T16:14:24+0800,,,,temp=49.4'C,throttled=0x0,15.0,2.014,114.507,185.198,194.77,0,49.33,93.673,88.825,112.49,3128.605,3128.605,10.598,112.756,40.0,,45.334,2170.09,,,,,2
2026-08-17T16:14:25+0800,,,,temp=49.4'C,throttled=0x0,15.0,2.014,114.507,185.198,209.974,0,48.455,93.673,88.825,112.49,3128.605,3128.605,10.598,112.756,40.0,,45.334,2170.09,,,,,3
2026-08-17T16:14:26+0800,,,,temp=49.9'C,throttled=0x0,15.0,2.013,114.507,185.198,243.122,0,49.33,93.673,88.909,112.49,3128.605,3128.605,10.586,112.756,40.0,,45.334,2170.09,,,,,3
2026-08-17T16:14:27+0800,,,,temp=49.4'C,throttled=0x0,15.0,2.013,114.507,185.198,266.417,0,48.04,93.673,88.575,112.49,3128.605,3128.605,10.591,112.756,40.0,,45.334,2170.09,,,,,3
2026-08-17T16:14:28+0800,,,,temp=49.9'C,throttled=0x0,15.0,2.013,114.507,182.866,266.346,0,48.04,93.673,88.575,112.49,3128.605,3128.605,10.604,112.756,40.0,,45.334,2170.09,,,,,3
2026-08-17T16:14:29+0800,,,,temp=49.4'C,throttled=0x0,15.0,2.012,114.507,182.866,303.509,0,46.297,93.673,88.414,112.49,3128.605,3128.605,10.586,114.205,40.0,,45.334,2170.09,,,,,3
2026-08-17T16:14:30+0800,,,,temp=49.4'C,throttled=0x0,15.0,2.012,114.507,182.866,311.042,0,48.04,93.673,88.414,112.49,3128.605,3128.605,10.592,114.205,40.0,,45.334,2170.09,,,,,3
2026-08-17T16:14:31+0800,,,,temp=50.5'C,throttled=0x0,15.0,2.012,114.507,182.866,320.332,0,48.04,93.673,88.414,112.49,3128.605,3128.605,10.601,112.756,40.0,,45.334,2170.09,,,,,3
2026-08-17T16:14:32+0800,,,,temp=50.5'C,throttled=0x0,15.0,2.012,114.507,182.866,337.615,0,48.04,93.673,88.319,112.49,3128.605,3128.605,10.601,111.588,40.0,,45.334,2170.09,,,,,3
2026-08-17T16:14:33+0800,,,,temp=49.9'C,throttled=0x0,15.0,2.011,114.507,182.866,367.782,0,47.285,93.673,88.414,112.49,3128.605,3128.605,10.608,110.825,40.0,,45.334,2170.09,,,,,3
2026-08-17T16:14:34+0800,,,,temp=49.4'C,throttled=0x0,15.0,2.011,114.507,182.866,410.698,0,47.285,90.517,88.414,107.799,3128.605,3128.605,10.609,110.774,40.0,,45.334,2170.09,,,,,3
2026-08-17T16:14:35+0800,,,,temp=49.4'C,throttled=0x0,15.0,2.011,114.507,182.866,417.174,0,47.285,90.517,88.38,107.799,3128.605,3128.605,10.608,110.774,40.0,,45.334,2170.09,,,,,3
2026-08-17T16:14:36+0800,,,,temp=49.4'C,throttled=0x0,15.0,2.011,114.507,182.866,439.776,0,46.297,90.517,88.38,107.799,3128.605,3128.605,10.601,109.393,40.0,,45.334,2170.09,,,,,3
2026-08-17T16:14:38+0800,,,,temp=50.5'C,throttled=0x0,15.0,2.011,114.507,182.866,458.055,0,46.098,90.517,88.38,107.799,3128.605,3128.605,10.607,110.774,40.0,,45.334,2170.09,,,,,3
2026-08-17T16:14:39+0800,,,,temp=49.9'C,throttled=0x0,15.0,2.01,115.078,181.843,495.517,0,46.098,90.517,88.38,107.799,3128.605,3128.605,10.613,110.774,40.0,,45.334,2170.09,,,,,3
2026-08-17T16:14:40+0800,,,,temp=50.5'C,throttled=0x0,15.0,2.01,114.507,181.843,418.546,0,46.297,90.517,88.414,107.799,3128.605,3128.605,10.605,110.774,40.0,,45.334,2170.09,,,,,3
2026-08-17T16:14:41+0800,,,,temp=50.5'C,throttled=0x0,15.0,2.01,114.507,181.843,485.113,0,46.098,90.517,88.498,107.799,3128.605,3128.605,10.585,111.588,40.0,,45.334,2170.09,,,,,3
2026-08-17T16:14:42+0800,,,,temp=51.5'C,throttled=0x0,15.0,2.009,114.507,181.843,485.113,0,46.098,90.517,88.498,107.799,3128.605,3128.605,10.592,110.301,40.0,,45.334,2170.09,,,,,3
2026-08-17T16:14:43+0800,,,,temp=51.5'C,throttled=0x0,15.0,2.01,114.507,181.843,485.113,0,46.098,90.517,88.498,107.799,3128.605,3128.605,10.584,110.774,40.0,,45.334,2170.09,,,,,3
2026-08-17T16:14:44+0800,,,,temp=51.0'C,throttled=0x0,15.0,2.009,114.507,181.843,485.113,0,46.098,90.517,88.498,107.799,3128.605,3128.605,10.701,109.393,40.0,,45.334,2170.09,,,,,3
2026-08-17T16:14:45+0800,,,,temp=50.5'C,throttled=0x0,15.0,2.009,114.507,181.843,60.952,0,46.098,90.517,88.498,107.799,89.428,3128.605,10.713,109.393,40.0,,45.334,2170.09,,,,,3
2026-08-17T16:14:46+0800,,,,temp=50.5'C,throttled=0x0,15.0,2.009,114.247,181.843,69.489,0,46.098,90.517,88.493,107.799,89.428,3128.605,10.712,109.621,40.0,,45.334,2170.09,,,,,3
2026-08-17T16:14:47+0800,,,,temp=50.5'C,throttled=0x0,15.0,2.009,114.247,181.843,125.911,0,45.737,90.517,88.414,107.799,89.428,3128.605,10.733,109.621,40.0,,45.334,2170.09,,,,,3
2026-08-17T16:14:48+0800,,,,temp=50.5'C,throttled=0x0,15.0,2.009,113.889,181.843,100.052,0,45.737,90.517,88.414,107.799,89.428,3128.605,10.755,109.393,40.0,,45.334,2170.09,,,,,4
2026-08-17T16:14:49+0800,,,,temp=50.5'C,throttled=0x0,15.0,2.009,113.889,181.843,114.577,0,45.737,89.551,88.493,105.333,114.694,3128.605,10.754,110.301,40.0,,45.334,2170.09,,,,,4
2026-08-17T16:14:50+0800,,,,temp=50.5'C,throttled=0x0,15.0,2.008,113.768,181.843,120.785,0,43.634,89.551,88.38,105.333,114.694,3128.605,10.761,110.301,40.0,,45.334,2170.09,,,,,4
2026-08-17T16:14:51+0800,,,,temp=50.5'C,throttled=0x0,15.0,2.008,113.889,181.843,144.081,0,45.737,89.551,88.38,105.333,114.694,3128.605,10.762,110.301,40.0,,45.334,2170.09,,,,,4
2026-08-17T16:14:52+0800,,,,temp=50.5'C,throttled=0x0,15.0,2.008,113.768,181.843,169.675,0,43.634,89.551,88.319,105.333,114.694,3128.605,10.75,110.408,40.0,,45.334,2170.09,,,,,4
2026-08-17T16:14:53+0800,,,,temp=50.5'C,throttled=0x0,15.0,2.008,113.889,162.221,414.753,0,45.737,89.551,88.38,105.333,114.694,3128.605,10.75,110.301,40.0,,45.334,2170.09,,,,,4
2026-08-17T16:14:54+0800,,,,temp=50.5'C,throttled=0x0,15.0,2.008,113.889,162.221,193.074,0,45.737,89.551,88.319,105.333,157.256,3128.605,10.764,109.621,40.0,,45.334,2170.09,,,,,4
